id,judul,kategori,komisi,lokasi,tanggal_publikasi,sumber,url
"PD-001","Berita Daerah || Pemkab Garut dan DPRD Jabar Sinergi Bangun Daerah - Pemerintah Kabupaten Garut","Kunjungan Kerja","DPRD Jabar / Pimpinan","Garut","Thu, 18 Sep 2025 07:00:00 GMT","Pemerintah Kabupaten Garut","https://news.google.com/rss/articles/CBMiiwFBVV95cUxNNWxYeWEtcVFRaEZEUTVxOGh3c0N5SXZtZS05dzB3SlQtZS1tN0oydTFZZF9hcHphbTJaM2ZScEJ1VnBiV05PblFZZVJRNHhpai1fWkdZT05zVy1QMm95YmlEMXFKMk5PQ1lxWU1WVzhTRzA3ZTZuSHdjUFEtb256ck14WFY5UFZrTjB3?oc=5"
"PD-002","Begini Alur Lengkap Penerimaan dan Pelayanan Kunjungan Kerja ke DPRD Kota Bandung - Dewan Perwakilan Rakyat Daerah Kota Bandung","Kunjungan Kerja","DPRD Jabar / Pimpinan","Bandung","Fri, 10 Oct 2025 07:00:00 GMT","Dewan Perwakilan Rakyat Daerah Kota Bandung","https://news.google.com/rss/articles/CBMitAFBVV95cUxPUU45VEltZnY4ZFBoWnJqeVFsdmhnbHBPamVqMm1TUjB4OVZsNTA4NXFTeVV2ai1QelpoTFE5V3lQTmltWjB2NWhyM0xTQms1aHBUSTFRd2U3ZDFiWEVhUEU0ajBoa0dBX0pwcHU5eThqTExCZlhqZmRlVHlZQzZJNzZtRngwdUJfRXYxUlR5NXg5UG8xTVNiMnRjaEdxdk00eEY1Um0wbndTZG9TUmRnZXR1NnI?oc=5"
"PD-003","Laporan Mingguan Media Sosial DPRD Jawa Tengah - Pemerintah Provinsi Jawa Tengah","Kunjungan Kerja","DPRD Jabar / Pimpinan","Jawa Barat / Terkait","Tue, 14 Jul 2026 16:34:08 GMT","Pemerintah Provinsi Jawa Tengah","https://news.google.com/rss/articles/CBMikwFBVV95cUxPLUNCcTdoMTd2TnUzUVBCbjFqOEcybDFFb2NWLU82ckc1Sk1DUWQtY18zUlNMUUxtMmJWU3VvYWd1OW1Sc2xmcHAyT09DdVl3OWQ3UHMybllBMWJIRS01MmxpeERNb0hfQWpHS0JfLVFxLTBTcG1XMkc3N1NzaWRXMmNkRE1lSGhScndsQkFLVjJKWWs?oc=5"
"PD-004","DPRD Jabar dan Kongres China Bahas Pengawasan Anggaran hingga Peluang Kerja Sama - Biz Kompas","Kunjungan Kerja","DPRD Jabar / Pimpinan","Jawa Barat / Terkait","Thu, 14 May 2026 07:00:00 GMT","Biz Kompas","https://news.google.com/rss/articles/CBMiyAFBVV95cUxPTnVFWVZHUHJXZTRaWk84QzRXclF2NUFtSkZEV3FoR0YxRXplRkxGMkxlaUM3U3hxTjBJY3pmQXI0NDVfSHpEQVI3N3pRTVNXUEcyYU83X3RrM19MNm43ZjRHaVVkQm1Ud0VWZkx3Rk55dzVydkdjb19XX3ZqTHhNTTRuY3hIYmZ4LWpuWXVlX0lqZjV1bzR3ZlZ0WkFZNjdqLTMxVGRhai1rMkFQb2hUcEI0QWtuRjZyUEdLNWRzbTJZZDZJaTBDQg?oc=5"
"PD-005","Meningkatkan Kapasitas dan Integritas Badan Kehormatan DPRD Kalsel - DPRD Prov. Kalsel","Kunjungan Kerja","DPRD Jabar / Pimpinan","Jawa Barat / Terkait","Sat, 20 Sep 2025 07:00:00 GMT","DPRD Prov. Kalsel","https://news.google.com/rss/articles/CBMingFBVV95cUxNMXlOZW1QX0ZCc0FZdVNQQ2VMTVJjcGtnUnNHV3lPWGI3UE52bkhDRU9OUDVDaEh0dTZFbE5UNi1NSm1rbTdRbFJjb09WSXFtWlBIRlJUOGdwR3F6SUs0YTZBamp3YzBGRFNfUHRRMi1EYmc5Vk10Y3FwbkI3ZWV1NTNGME1qLVlybUVWbmk5MDB3NTE2TFVaSFpGMkZJZw?oc=5"
"PD-006","Komisi II DPRD Jabar Dorong Penguatan IKM Jawa Barat untuk Tingkatkan Daya Saing - Pikiran Rakyat Koran","Kunjungan Kerja","Komisi I","Jawa Barat / Terkait","Wed, 29 Apr 2026 07:00:00 GMT","Pikiran Rakyat Koran","https://news.google.com/rss/articles/CBMizgFBVV95cUxOUk1fbWFHdjl5bW5jdUplNTBPZDRzdnk4TXVVYmlhSEhXN2lyWi1CQ0lrYzNfT1A5R19mRktQaGVQdWNKRGMyQnI0NDV2aTNNN1BvMHllSXA4M2VwUHN0eGVibW1JT1VUVEVkZElzcFkwazhyeVItOF9OTnFrM3hjdGw5NnRUU21zWjBoeFU5aUd3UFBhZWt4Z3RwSjRTUXh5b2lNdUJrb3VCSXZORm0zWEFQWDhRQWwzLXF6V3JTQjZWS1JJWlRMT1MtbDRjUQ?oc=5"
"PD-007","DPRD Kota Bandung Buka Layanan Kunjungan, Ini Prosedur Lengkapnya - detikcom","Kunjungan Kerja","DPRD Jabar / Pimpinan","Bandung","Tue, 14 Oct 2025 07:00:00 GMT","detikcom","https://news.google.com/rss/articles/CBMitwFBVV95cUxPTTJEMURyY2d0bUFnV1RuUnZjc2RfOW8yZ0o5TzEyYk5lcXZPcVQ1NjhyaFJ5b09OVDhYRkkzMm1mSXlDSUItYlF6alZDa1d5dmVwbHhzRkk0bHJxS0hFOWtNVFg0a2pRR2pEbHhRWU5hdEw1bWpOVjBRQS16OEN0VUkxc2hqaTNPRzR0U0lfdlk5QTIweUpHZFVuS1R5Z25aR1RnbnhMekIxSFhLOW9PSE9nazY5ZXPSAbwBQVVfeXFMTThFTU1HQm5DOGFBUm4ycVpoWG5nd0JKdzFLT2ZzbmxqTWdoUVJzTzhVSm5XT2VoVHJPcXhFRGFVMVp2RUN3NTF4RTM1UGprT0RNcWE3NThKY3A2OFhVQUVxWlBSQ01LVEF0VHBnalhweEpUaklWbXU1blFiVWl0Q2lKcjN1bE5HVkpUSEItVTBldXZkcGtQMl9nbHl4MGljZXJ0TXBxVkNlejRrQTk1SnVEcjRkVzh3RmNad0Q?oc=5"
"PD-008","Komisi III DPRD Garut Koordinasi Penguatan Koperasi ke Diskuk Jabar - Jabarprov","Kunjungan Kerja","Komisi I","Garut","Wed, 25 Feb 2026 08:00:00 GMT","Jabarprov","https://news.google.com/rss/articles/CBMirAFBVV95cUxPenItZHk5b213dENmeUFKZUcwemNsN2U5RUNEdFRjM2ZOa3RVaEVfN3VaRlFzS3FnZ0tkZm1lbWp0d01UYU03dm1UNGVMMEVTanEtVGFJaWFkWmpuMFk2bk80VXZaZkstcWxrdGl3Tk5WbVV3TWFMSEV3VnNwM1VwaDFJMHo5Zm1WUVJVcDBhakJiLU53UnhYcW1BNi00bXZHNEN5aEVmX0FCcWFu?oc=5"
"PD-009","Kunjungan ke Kabupaten Pangandaran, Diah Fitri Maryani DPRD Jabar Pastikan Produk Hukum di Daerah Bisa Selaras - StatusJabar","Kunjungan Kerja","DPRD Jabar / Pimpinan","Pangandaran","Fri, 10 Apr 2026 07:00:00 GMT","StatusJabar","https://news.google.com/rss/articles/CBMizwFBVV95cUxNc2JvQTZyQUdZbW11SFRwWTVrN2o0U0VoYnl4eEl2RU8tOGJwUXhUN29pTWw2NmlVRXpoWkxEeW5mcnJWaFJZZ2JyQTZaU0Jhd2RXMGY1eHQtLThXZzNsWWY5YmE3akdsRE5QYzc0WTR6Z0lBbmU0cHY5bm9nbXRuc3pOYjQzQXFVT0VjRlB2Nld2VExjQ2txYldsM3g4aGxRanUxaGxQQ3ZIeHpzTEgwUkdZMVNfdUJYWWtETXF2YlV4eUVnVWdMRmktd01KdGs?oc=5"
"PD-010","Kampoeng Mataraman Jadi Contoh Sukses Pemanfaatan Dana BKK - DPRD DIY","Kunjungan Kerja","DPRD Jabar / Pimpinan","Jawa Barat / Terkait","Fri, 19 Sep 2025 07:00:00 GMT","DPRD DIY","https://news.google.com/rss/articles/CBMilwFBVV95cUxPYkx0LXV3WEk3aGdRODlQUFRDSnA3cF9Ndl9hdmo4STNOZC1ocGptekl3aEtqTWszVkZpLXI0VTg5ckpxcUM3ZHZaaEdYdmdOSExsQ1ZtM2pEV1Vzbm05TEhEbUViUE5CcW13bksyekduQ19OZTR5X2xpaHhZcEVsVlFiaGFIVnk2U2NnSTd4Z2NGZUtWR1ZN?oc=5"
"PD-011","Komisi II DPRD Jabar Pantau Efektivitas Program Ekonomi Kerakyatan di Kota Depok - KAPOL.ID","Kunjungan Kerja","Komisi I","Depok","Wed, 08 Apr 2026 07:00:00 GMT","KAPOL.ID","https://news.google.com/rss/articles/CBMinwFBVV95cUxQVXBuRUs3VTI1c1R6VFhXMk5OQ3RmR3pCSEpqR2NOWkxOU25CdnJhNEV5ODFfNHVYWjVoSC1ZcEZ2b1VoSERHTk1EVWlDUzlNRjE0TGlzUGVVaUswNnZWR1R5bkpVQl9DaTEtdUIxbDlMRFpRMkpkank2Mko4RGVNbnV4TnlCd3FFd3ZVSkNXbDRhRlk5bXhNYWVrRFZFNlE?oc=5"
"PD-012","DPRD Jabar Hapus Semua Kunker Luar Negeri - depok pos","Kunjungan Kerja","DPRD Jabar / Pimpinan","Depok","Mon, 30 Mar 2026 07:00:00 GMT","depok pos","https://news.google.com/rss/articles/CBMigAFBVV95cUxPN3VsSG1aajZreU1PY2tuNFJudG9na19hTkRILTZwa1VrdThkWTlsTjBoX1EtWG9FYmkxN2hkT3lIZ3piaDhBMV9YblV0RzRpbGtTcmlOZUFLN2kwajFMNkoxMFcwRDdPNU5WcEZZTzRTMHFxYlF4clVhUEpsTy1Ubg?oc=5"
"PD-013","Sukabumi Utara Siap Jadi DOB, DPRD Jabar Segera Lobi ke DPR RI - Sukabuminow.com","Kunjungan Kerja","DPRD Jabar / Pimpinan","Sukabumi","Thu, 23 Apr 2026 07:00:00 GMT","Sukabuminow.com","https://news.google.com/rss/articles/CBMib0FVX3lxTE15b2k4WjZsRkNZZmhiVzZJcGlOVm1PMjQ5X3lXcTdMdWRIVjNjMURQM0l5SEltTnpHcWsyOXVlTUY1WmRBdVdEbEZMVHU1eG16aXN3Ui1vc19fd0tWTVRkVWxGY3NOX1E4bjVpOXpXWQ?oc=5"
"PD-014","Komisi I DPRD Jabar Dorong Biro BUMD Selesaikan Legalisasi Aset PT Agronesia - SERGAP","Kunjungan Kerja","Komisi I","Jawa Barat / Terkait","Tue, 23 Jun 2026 07:00:00 GMT","SERGAP","https://news.google.com/rss/articles/CBMirgFBVV95cUxPU3g1Q2YxbjJuRGVyaXd4LVRYcVh1R1dZOEd6S09aU0VzRkp0Z3NDN2hEZDU1cEZXRm9HTlY5MlVOM1ZWT0wzaG1ZNnZkNExJdlJnWXd5ZnB0NlpkbmFVZlZMNXJQNEVkVThJYnh5bTF0OEJYUnlCWTFTRElEVjgybjJJVmZfcGtfRnMyMDZsaFRHZHByNkZidFNtb0huQzNHY3RIMTg0UGZWZG94Umc?oc=5"
"PD-015","DPRD Kalsel pelajari mobil toko keliling ke PT API Jabar - ANTARA News","Kunjungan Kerja","DPRD Jabar / Pimpinan","Jawa Barat / Terkait","Tue, 12 May 2026 07:00:00 GMT","ANTARA News","https://news.google.com/rss/articles/CBMiogFBVV95cUxPSDNrbTdoS05ERU53QWxJLUpNR21oZmFWNlFIS0tpU3F1WVpsaURTY1VlZmQtVVgteVdBeVBXN2RMN3d4UU5YVTF1T2JwVnVWeUhBa1JmaU5fM1dtdzhnSnVRYjkxMHlKZ1MxNWhiNmxJN1FsaFNtbHpuQmxUbzlZQm5yVW52NFlBVXBiaTR1OGtPMDZwNk9aNXhyRUQzd21FY1HSAacBQVVfeXFMTmhGc1lwZmpKS0pFYnhsQzBmR2Z3YnhtZm5xVWR3Tzl2MU9Udkl6Sk9DWDVtZ0hDcWxWR1JCYWR3bFZtOXloV3BRUGJ1SWs3anNhLXl0Z05OM0JVLXZvV0VPOE81UlhOVkt1cVlGWmY1OHNHS3l4cHdGX1RwZEUtS0Etdms5VVNZM01QV2xiUng3eVlEdXNOYmR5S2RBdldrZmYxQXhzaDA?oc=5"
"PD-016","Komisi IV Dorong Upaya Pembinaan Dan Peningkatan Prestasi Atlet Cabang Olahraga Di Kalsel - DPRD Prov. Kalsel","Kunjungan Kerja","Komisi I","Jawa Barat / Terkait","Mon, 12 Jan 2026 08:00:00 GMT","DPRD Prov. Kalsel","https://news.google.com/rss/articles/CBMivAFBVV95cUxQX3ZvbHpZVGt3SUdVbE1QYnlhcjBFdC1YUnNNTUZpdnM0Zlpmb0t4V1IzbkZpbjdsUXRmV3dpLWNLWEtkUl9WSVVVa1FkenhwTmJHNGxJOEJ3TDZDcDRVV29WVEttQnNJTEhBVFhDeTNEY3JpY2MyR2tBM215MmRIMUZhcXBtSVlqbl93bjBodXkyYXYxb0ItVVZ2MmhsWWxiU3FENV9RYlJGeDg5YkFDaUpWY2RMT3ZBbUQ3bA?oc=5"
"PD-017","Komisi I DPRD Kalsel Pelajari Model Pengembangan ASN Melalui Corporate University - DPRD Prov. Kalsel","Kunjungan Kerja","Komisi I","Jawa Barat / Terkait","Thu, 20 Aug 2026 11:03:43 GMT","DPRD Prov. Kalsel","https://news.google.com/rss/articles/CBMisgFBVV95cUxPQ3VFOTZ6dXlkdUdoOEV1T3RBcXUtZHRVWW5ILUtYWU1sbUhqLUh2dnJ5dkI4al9HaWxPb0h1dDFpQ2ZWNFA0TUpzTUpZMDZ4Zkl3Z2hwMHhBWUhhUE50NlJTenBCcGw3OVFLYjdsWXRVYUFhejNzZDVJcVRvOTVyTklCMWFfekdMdE85NnBGWVFHU1dXaGp6Qm1HZmlJVFFOUGhEcG9MYmZSbDVrTzhSRDJR?oc=5"
"PD-018","Komisi I DPRD Kalsel Tinjau Asrama Mahasiswa Demang Lehman di Bandung - DPRD Prov. Kalsel","Kunjungan Kerja","Komisi I","Bandung","Tue, 10 Mar 2026 07:00:00 GMT","DPRD Prov. Kalsel","https://news.google.com/rss/articles/CBMiogFBVV95cUxNV0JkLUlQd0NkbkdTOXFKSHF1WFhFWGsweUJmS2JLb0tsOXF4b2J3MFFPSlByNVdPNTBERlNHYjVEbGQtQzFPM1IweFdXWUtRZVBJVG1YYmRvb0R6SUtTMW5vRGo0SGEydFdDVHJMbEFpZC1PdXlkelYzd1oydm02RTRyLTNuVkYxWTJRdElJTXdRTGJ2UUpQSXQ1V2wydFZsakE?oc=5"
"PD-019","Pansus III DPRD Kalsel Soroti Inovasi Sumur Imbuhan dari Jabar untuk Penyempurnaan Perda Air Tanah - DPRD Prov. Kalsel","Kunjungan Kerja","DPRD Jabar / Pimpinan","Jawa Barat / Terkait","Mon, 30 Mar 2026 07:00:00 GMT","DPRD Prov. Kalsel","https://news.google.com/rss/articles/CBMiyAFBVV95cUxPQlNfbGhUbzdWTTYzcWNOWGJMeXJES0ctdW4yaEtyaW1QNElScGV2MUJHMGFNTFVRcEJXTXRQa2hGOUFwV3RNa0dpTEJQeFl1WmVpaU01ZHNUdFVEa3ZzQ1RTVE1VbXk2dWF6M2Y1N2xQSUpJb09MYlZOYk9GalZIU0VjRW9SM1NfTDc4QWgtXzl1WXN6amFiNUcwaEo4em9JMDVyTDQ2cElXVDUyeUpXTjh3d1dvVU1SMFJEYlNGc2xHMG94Z0dVTQ?oc=5"
"PD-020","Pansus III DPRD Kalsel Dalami Regulasi Penyertaan Modal Bank Kalsel di Kantor Pusat Bank BJB - DPRD Prov. Kalsel","Kunjungan Kerja","DPRD Jabar / Pimpinan","Jawa Barat / Terkait","Sat, 15 Nov 2025 08:00:00 GMT","DPRD Prov. Kalsel","https://news.google.com/rss/articles/CBMiwAFBVV95cUxNbVpMU2tnQ25ic1JkTDZfVHNaYU9uVVFwTXRLZ010Y2lHOWExOGpzTS1XMWtoX0tGdEVweHRjNzlDc3RHR0oxLUVfdnZJM2pTUS1tREh2cUJLdWJnRV9ubldQUlRySFA1ZFJZbXZZeExhdjQzbEdVaTREWlp5dUZsY044V2FITWhWX0V0c25NUVJZeVdEN01hTjZYMldZcldsVTM3anFtVGEzRWpNejI5d1RwOTJWbkgyYUpZUG9CS1k?oc=5"
"PD-021","DPRD Jabar Soroti Alih Fungsi Lahan hingga Pencemaran Sungai di Bogor - Jabar News","Kunjungan Kerja","DPRD Jabar / Pimpinan","Bogor","Mon, 03 Aug 2026 07:00:00 GMT","Jabar News","https://news.google.com/rss/articles/CBMiowFBVV95cUxNdkhYTDR1LXVvOWlyRjd3OFFSRHBZNE5kZDJUZVpodm9sUkVlUkF1MkEyTUNKT1dLZDNMZ3h1WVo3ZnF5cnZtUVJkN3ByYU1XbTNMQ05EaFZNUWlwVWp4anUtamVEZ01wZm5SREQ2dEUwY01NclpBWmtrdWl4ZWc0ak9LZjYyZklESGF0SkNzcmRadDU4SkxWVlNSQjhDRmNpSWpr?oc=5"
"PD-022","Pansus XV DPRD Jabar Fokus Perkuat Regulasi Penanganan Sampah - internationalmedia.id","Kunjungan Kerja","DPRD Jabar / Pimpinan","Jawa Barat / Terkait","Wed, 08 Jul 2026 07:00:00 GMT","internationalmedia.id","https://news.google.com/rss/articles/CBMiiAFBVV95cUxPSlJ5a3B2dHZ4aTRxODNWQWtsMFdFaWFURUVweTlCWG1HdkMxVTdLVXA4ek1JeW9uMTNUZUNGTHRRQ2RWN0JjamlwTFBYLWdlcHpLMkhMakJ2Z0RkcGI4T1dnUkVPdzNKOWZvSnVjS0V1QU9yd3dyWWUwSXp4bUNHSV9IRmtybXdx?oc=5"
"PD-023","Inovasi dan Teknologi untuk Masyarakat - Smart City Kota Bekasi","Kunjungan Kerja","DPRD Jabar / Pimpinan","Bekasi","Wed, 08 Jul 2026 07:00:00 GMT","Smart City Kota Bekasi","https://news.google.com/rss/articles/CBMiWkFVX3lxTE1wRl9VYWpYdm9RWlIwVGJNdDBnYXBzenk3VF9fb2NTQ2UwYjlOQ1ZNTWt0d1BnVGJZOEQ3X2M1b1FEbW1vYkw3MHhVVmJpNGhfdktLWVdUSGx1dw?oc=5"
"PD-024","Matangkan Draf Raperda Air Pernukaan, Pansus XI DPRD Jabar Sisir Daerah Irigasi Wanir - Radar Sukabumi","Kunjungan Kerja","DPRD Jabar / Pimpinan","Sukabumi","Mon, 08 Jun 2026 07:00:00 GMT","Radar Sukabumi","https://news.google.com/rss/articles/CBMivwFBVV95cUxPb0JKcnZITm5EejRxY0RzR3pDZWY3QUF6OU9qamo4ak01NWFkaUJyNEdhWnJ4UGtaelB5cTBERlMxZENydHhwQ0w2M3Z1MnFMRHQ0a3NaQUZVaXBMdWhRcW5lbkRZOThwXzM3VkRYbzItbThFN2dZX1FTRUN1ZmVIdUJOV0Z3b3hiMXd1cTBKV2JrcVNsS0hmeDRyd2VDYW9CQ0RxS3hZT1lubXJoTmlzM2E0UVNsekNWNzQ5Y2Nhdw?oc=5"
"PD-025","Komisi II DPRD Kalsel dorong optimalkan PAD - ANTARA News","Kunjungan Kerja","Komisi I","Jawa Barat / Terkait","Wed, 11 Mar 2026 07:00:00 GMT","ANTARA News","https://news.google.com/rss/articles/CBMikAFBVV95cUxONk5hOFR2NXMyNThCQVVHOUEyT0hJS251cVFfdGZmbDUxazhLbVdSdGM5R2thU0hLYmhfc0JVeEtsajNncmJFWFExTVZmMVBRdWx1OUJyWDFOM1lncldRRG5GVlhweEl4X3pqd24ybXowQ2pqbUVTZnl0NmhoWkJ4Q3BtUmJ4dGJ2TFYzZUpVYm8?oc=5"
"PD-026","Pemekaran Sukabumi Utara Semakin Dekat, DPRD Jabar Desak Pusat Cabut Moratorium - Radar Sukabumi","Kunjungan Kerja","DPRD Jabar / Pimpinan","Sukabumi","Tue, 23 Sep 2025 07:00:00 GMT","Radar Sukabumi","https://news.google.com/rss/articles/CBMiugFBVV95cUxQNGxYUkU3eWNTM0Fvd2EtU2t4aF9fRS1YMFFuVDhxNVFyRVAzVnNwc1BoZjE1SHI2bE1FUnlOblNCbURHMGtjbGFEdkZJOEtzT0Z3REFwVGZJbTBPdFdvNnhhYmdTS3VnMlJ1dm5WbEkybGJUT2dPN1ZVWWdWYk12Z2o4cFhUNmNLdWtnc2ZFWEc5cHBXQ0J6YnVhODR5dmR4RlJVS3Z4WUNJMy1TaEJ6ZUNsbUFtQkF2N1E?oc=5"
"PD-027","Raperda Pendidikan, DPRD Jawa Barat Himpun Masukan Soal Reaktivasi SPP ke Daerah - Harapan Rakyat","Kunjungan Kerja","DPRD Jabar / Pimpinan","Jawa Barat / Terkait","Tue, 04 Aug 2026 07:00:00 GMT","Harapan Rakyat","https://news.google.com/rss/articles/CBMiugFBVV95cUxPbHR4c3F4QVJrdWNvNEVtYnN4U1F1dVBaQklub1d6dVQxUUFfRXZHS0gwTG9BZDJWb0xtenVWTDg4cWFkakVmdXdHWmZGOG96dkxMSVFiQnl5cWMxS1NBTGVTcG80QjJmc0x4Mzh2czJIWDVKakRBSHZTLW1mamw0TmlNdVdqWDN0NkV5V2hnd0ZpQWVtSThKN0VvV1VPbktRT09CbGJEMVdGZTI3dEV5TWRxcXRaYnVFZEE?oc=5"
"PD-028","DPRD Jabar Soroti Jarak Asrama Haji Indramayu ke BIJB, Waktu Tempuh Normal 1 Jam Bisa Dipangkas Jadi 45 Menit - Pikiran Rakyat Koran","Kunjungan Kerja","DPRD Jabar / Pimpinan","Indramayu","Thu, 08 Jan 2026 08:00:00 GMT","Pikiran Rakyat Koran","https://news.google.com/rss/articles/CBMi-gFBVV95cUxQd1k4eUl3bXNyS3lnRGpwejFteTV5UGtaSVB4Q2hONVJudUR1clFUdVpqNTQwaTF2NTJOdFpYY0FtZmE1dlZwTm4zWDNVSlE3NWo1aDVNOWp1M09mWlpyU0xSV25nOUJta0dZc2NTc2FQRm9GRXUyYjVPQnNCdzVBRzRzNGRKcTk4dC1rRmN6RE5QNEk5clItcHZsUUVZdWJ4TUE3dS1lemFUMzNwcjdFSzRqWGZsZnZRSXk4dlBvZVlqd2J0OGJQWTJSTy1HcEdSUFNVVllhLTJ5X2t1QlFla3A2RFR1N0NDVGpGeU9KMkhxQ2NVTXVLM2J3?oc=5"
"PD-029","DPRD Jawa Tengah Pelajari Konsep Pariwisata dan Pemberdayaan UMKM di IKN - kutaipanrita.id","Kunjungan Kerja","DPRD Jabar / Pimpinan","Jawa Barat / Terkait","Tue, 12 May 2026 07:00:00 GMT","kutaipanrita.id","https://news.google.com/rss/articles/CBMingFBVV95cUxNdUJxNmxRWUVyYW8wUDFBcHA5bTVuNmVkR3lSQWVJZmpvS1FOYXlHTnY1ZFc3VmpHT2x2VWs3ZzU5bnZmTVYwb1NfZjF1MWJwUEZrS0FQZ0RuVzZkemFNRFhsZkhzWldTdUo5RTVpUjJEZXpmNFVKWGRIOERCdW9xT0kwWnlZWnhSWk41TFc5dzBaLUxGek9LU2NfNlhQdw?oc=5"
"PD-030","SPP SMA/SMK Negeri Diusulkan Aktif Lagi di Jabar, Terapkan Skema Bertingkat, Ini Alasannya - Kompas.com","Kunjungan Kerja","DPRD Jabar / Pimpinan","Jawa Barat / Terkait","Wed, 15 Jul 2026 07:00:00 GMT","Kompas.com","https://news.google.com/rss/articles/CBMi0gFBVV95cUxQVzdxb3BCTFB2OWVVR01SbzFrRUo4U05jUVl0Q3l2S1RlcEZfOHhoWUwwMnduOXhDOU5HbWNqZ1F1c29BaGJHOVB3cWRHYV9xbGpCd2cwMkg4WmtaNHVZMVdQVnJWQmJCMGtyZGlUT0V5VGFFc2FNWm5fdGc3LTZhdFVaNUZPc2tydzF5V2JMSk1USjg0bFg3ckdFQWJ3YTFQVlMyOC1mVUlwdVVKYnBYNHp3ZWQxemN1NlJocDFPakFIUUxOVnZxc1FtdUlQSjFMTWc?oc=5"
"PD-031","DPRD dan KPID Jawa Barat Kolaborasi Menggiatkan Literasi Media, Perkuat Kedaulatan Informasi - Media Indonesia","Kunjungan Kerja","DPRD Jabar / Pimpinan","Jawa Barat / Terkait","Wed, 15 Jul 2026 07:00:00 GMT","Media Indonesia","https://news.google.com/rss/articles/CBMi1AFBVV95cUxQcnhVU3JKR0NJRUd4Z1NpZmtQb2hER0QxalowUm51MFlnMlNaSENFNlpBcDNOSGlIX1VqNjhlU2h2azNmZ3ZXY2JSZzE4Z1RQUi1TZGZuYjhzM0VTOXh3SFJkdklaVkVRY2dJV25WLTVqN1RtLXFiNXI0RWlXQ0VkZm9XWjdKWlktQ1R2Yl9WaHYxX0FBMFNUTkstTGl5OXgtSDdsQkowWEZ1MlRTTktmVkhPWkFiMTJCbHNrejFjZUcwZWFBcmlUbkJQMDdKQmZ0dGgxYw?oc=5"
"PD-032","Terima Delegasi Kongres Tiongkok, Buky Wibawa Dorong Penguatan Tata Kelola Anggaran dan Investasi - KAPOL.ID","Kunjungan Kerja","DPRD Jabar / Pimpinan","Jawa Barat / Terkait","Tue, 12 May 2026 07:00:00 GMT","KAPOL.ID","https://news.google.com/rss/articles/CBMitAFBVV95cUxPWUFmT3ljVnJSQjhld2dXdzE1ODJkM21RWFBMUGtZMTJKbTA0MnY2cVJWSy1fd0lVb2JrM3pDQ1Y2M0FRS3RRdXNJQkthVXpwMnlzdFRWSXF0V0xZc3JVRkh0OGY0TkEwME80Ml9NUUlEWGVTZWhQYk9XeWl0TTVZRzhEMXJuQ0ZYTnc5bkRkNVUzdHo3clRjaFd3Si1uc0NMTVpMYzRyUjNCSmgzaTBSaWdSS2w?oc=5"
"PD-033","Cirebon Timur Masuk Radar Daerah Otonomi Baru, Skor Kelayakan Jadi PR Besar - detikcom","Kunjungan Kerja","DPRD Jabar / Pimpinan","Cirebon","Tue, 26 Aug 2025 07:00:00 GMT","detikcom","https://news.google.com/rss/articles/CBMiwwFBVV95cUxOWFgza21ScXFNd0p6UzhrX1RMSUNqNlo5WGk1Nk9iVUNBVXNaTTBJTVNRSG1DZ3VMaWxLSFFzTThqVERBdzk3V1J0UzdoRlN6ZTBkOEhwdHRoZl8tdnV4d0s3YnQ5ZDV1UUF0R0tjallnUm5uQjY1NEh5ZFdjRXFMQkR6TEY4R2tSNktqcU8xRlMzNEhMenV3UHp6OEVVcmo2VmhQcjlKRGNWSkRucGpwVWNTeTEzQWRuZ2lPS3p0b0tXRFnSAcgBQVVfeXFMTUs5U1hxTThtYlJYUmFqMmNmdzBDeUZUSmdOTmNiakZCcWRUWXZKS3BSVkdkNHN0M0pYMEM5TVBqVmpUZjlSWjBkUHpQVkNzeTVUXzZOc25uWGhnMU5WdDVlaFU3bGkybzR1UHl4ekhmRUVqZkhRaHEtMHRyNlZXSmY2cDZUMFhSUExBc2RPSDVqZy1xNi14aXBjWmM2LUtYT2RKZmJ2RTRlZWxQekgyN1hKVGNnYVdNVGlXNloyX2V0Y1E4SDRHVEE?oc=5"
"PD-034","DPRD Jabar Temukan Keluhan Serupa di Kuningan, Dana Desa Berkurang karena Program KDMP - radarcirebon.disway.id - Radar Cirebon","Kunjungan Kerja","DPRD Jabar / Pimpinan","Kuningan, Cirebon","Thu, 02 Jul 2026 07:00:00 GMT","Radar Cirebon","https://news.google.com/rss/articles/CBMi0wFBVV95cUxOd0ZFR29jNGpfTG1BbzA2OEFBMlR1MWx6TlhyR25yMzJidlIzY2dNbE5aZ3VPc2pnRzFfRXN4aFpPZ1lvX1ZWTGRfcm1hU2pManM2c1ZBblBrd0Z1UUJ3WlJNUS12ellIX3BFVF9uSHlnbXRPYVlKQzhPanlLUkRqaHE2anNYb0VCUVVrdTFHbVNuTUhxbVRJQUdPc2FSRXBCbElJYnFDSy16bzV2eWVfUUY0M3FiSklGZFJodWI1QVo4R2g1ZmstcnVOUjhyTk80SERN0gHGAUFVX3lxTE9DQ05hTFdON1Z5WThSUllZMFJmYk5sUDFWYjJLUDNreXgwdV9XWDJlWlQ2NHBUZTBIaTdtMkhxWmYwaG9fX1RmT2FYRm5uOW9pT3FoVkRwNTlpMHI4WDF2d2FTYlhFcE8wS1Ezbk5LZzJoSE05bHZ0X3N4RDh0Q2toQ2dzMVNKckthalNCOUdrYmxHUlYyTVFZRDlJa3hHa0JfMnd3bTMtVlQ2VzBjU0pIampnTGNXLXdwdW81Y28xcjZ3Q2kwUQ?oc=5"
"PD-035","Prabowo Awali Sabtu dengan Berenang, Lanjut Kunker ke Magelang - detikNews","Kunjungan Kerja","DPRD Jabar / Pimpinan","Jawa Barat / Terkait","Sat, 18 Apr 2026 07:00:00 GMT","detikNews","https://news.google.com/rss/articles/CBMiowFBVV95cUxPT0RsZjZ6QUZIWlJHbDdzNU1hTkN0ZFRveUEyT0tReDllS2FtYUJPd25rb09XUXdEbEtnN29GSl9FcG1jVFdBVXR5S01lQU4zNi04UVZjTktfd3dOSnA2cW5UcFctN2ZjQzVoWmNkRWxBLUVTUUZiX0cwT0RoVzFJc05FSVVCZE96cUN3N2p3VXFnMXZLZnhFeWNmR1dfN19GT2Fj0gGoAUFVX3lxTE03dEk0X0dSQ0YwN1FycGJsMll4T3hxNV9CLXE3VGxFNEVEbHVLbGM0VWc4Zjl4ZjluU3hnWjFQbWlVdXAyLU1CRE5sbFh5UUMwNHlEMUE3clVjUE1UVExnX09lUWlxOFRrcW5tWFZiSTdsQzlaaUV6aTFSd190amhvbEVWakM2WjI5NDlwemZ3V3owODM1RTd0Vm1fVXpwdHhBQmRwcUdRNQ?oc=5"
"PD-036","25 Tahun Perjuangan, Pemekaran Sukabumi Utara Siap Terwujud - Radar Sukabumi","Kunjungan Kerja","DPRD Jabar / Pimpinan","Sukabumi","Wed, 22 Apr 2026 07:00:00 GMT","Radar Sukabumi","https://news.google.com/rss/articles/CBMinwFBVV95cUxQSkljZnBtMHdUcDFUY0thWGlsNjVsUXBiVmJtWC14d2MwQ216RGxFdXNVTUZ5UjJxWHdOSkNOLVFpV29tRDk2SlJrOFNRU0VqOENyRDRyLWZNTC1mZUFNcVFaRlE1bHhaTzRkNFpSSkFwckVyVUJVT0tkaWZ2ckdYejVwd1h4RVNUc0dHd2Ffc1VwWFpjc3prbG5GSkZYWUE?oc=5"
"PD-037","Program Pemutihan Pajak Kenderaan di Jabar Mampu Aktivasi 3 Juta Wajib Pajak - internationalmedia.id","Kunjungan Kerja","DPRD Jabar / Pimpinan","Jawa Barat / Terkait","Tue, 05 May 2026 07:00:00 GMT","internationalmedia.id","https://news.google.com/rss/articles/CBMiiwFBVV95cUxOdHBKd1VXOFIxZFBxU0VBMEFMbFBCYUhNaXBVdTZmcTl6OGZZSWItV3M4cmxnQ2NFTE5tOThuOWpyOFhoOGlfRDNQOXd2NXkwRVBobzBlV0lMc08tX2tSZ21ZalFEaXY2ajVHUUZVOUZBemg2aVk1NVB0R1NqMVB4MGJ1ZFYtNVRDamdJ?oc=5"
"PD-038","Penempatan Guru PPPK Mendapat Sorotan, Dampaknya Serius - JPNN.com","Kunjungan Kerja","DPRD Jabar / Pimpinan","Jawa Barat / Terkait","Wed, 24 Dec 2025 08:00:00 GMT","JPNN.com","https://news.google.com/rss/articles/CBMijgFBVV95cUxNV19VUXV4ejRBTllrR0RpMmpFVG9IV3E5Q1FuUTdTZ3pOY2VwMjNwSUV5MEI2WGNQWXR3dThXcUJWUWxPelNEMF9YUEhmUFcxaThSUTZodEtoNWFESE01SkJZbC12MENnMDk2YnlnTEVLRkVfcGQ1UnJpbjFuakhxRm9Eckl5UHJuTHZScUZB0gGKAUFVX3lxTE5CSHFQVWlxbzhQYWo2dFVEWW94a0IxVU5uR2JfWGhEV29ZWGtWZ3dJVDlmYUVIMGNPSFRsSXdSMXdYTXk2WTdRVi1xS2Fhak9wcnVzSkIxS2x0ZWxJd0I1Yy02dTQ2QjZlMmZUaDN0UDFIYXRCbHFuNnJhUlI2M1c3ZHZsUTRFLVVUUQ?oc=5"
"PD-039","Komisi III Menekankan Kontribusi Nyata Bank BJB dalam Membantu Memberantas Praktik Pinjol - patrolicyber.com","Kunjungan Kerja","Komisi I","Jawa Barat / Terkait","Sun, 16 Aug 2026 07:00:00 GMT","patrolicyber.com","https://news.google.com/rss/articles/CBMiuwFBVV95cUxOVmM0cnpqSS13eGZiZVBDUlFvOVRUR3NIMWItdDFFMnBsTzhtenpkaDhEUTJSbWRZVG5RZG4zaWluWVBqdFd2N2F1bENWX2gwTHJ3cWZSQWZ4bW95Rl9jVklkTENVMVVoOEtSOTFUc2ZEUV9GUEVpRzk1dU9jSGRFN1dSYkljdUtKQ3RsYnFtM244R0JHUzEwaXV4bk9iYWg1RzRUXy1kckdyVDNNSVdhOHNpbi0xU1BLNVhN?oc=5"
"PD-040","SMA Negeri 11 Hadir di Kayumanis, Fetty Anggraeni: Warga Tak Lagi Sulit Masuk Sekolah Negeri - Bogor Update","Kunjungan Kerja","DPRD Jabar / Pimpinan","Bogor","Sun, 28 Jun 2026 07:00:00 GMT","Bogor Update","https://news.google.com/rss/articles/CBMiygFBVV95cUxQWE92Ml9MWDFxSEFwczJBZk5UZlJZMWdndWNkSGRRT1VtSmVFYlZYUkIzckVtTk1jekVpcVFCMFg0SjV3NnlyUjh0MGxYczhxdEtCanpObXpzV20zYVlTMlh0VFlpYUlPTzdJcnRiVzBJdlc2elFhY2ZFWTJDWFRGWUVFSVM3T3o5NWU3SUVUaGYycjBQbWNXX2pmdExxRjRnTjEzdHd0Xy01cUJuN3JwcDJMVHpQeVRTUGh6X1pYZGRrd0xFdzZGc2pB?oc=5"
"PD-041","Ono Surono Larang Anggota DPRD Fraksi PDIP Pelesiran: Hapus Kunker, Evaluasi APBD - KAPOL.ID","Kunjungan Kerja","DPRD Jabar / Pimpinan","Jawa Barat / Terkait","Wed, 03 Jun 2026 07:00:00 GMT","KAPOL.ID","https://news.google.com/rss/articles/CBMingFBVV95cUxNQzRLMm5DbEhPcng5R2NYeVR5NF84U1V3aEQxcnZuOGgwa2l4MF9CdmYxelZ3VmVNbVphak9KNFRfRFdXdU9GSk40QTdpUXoxdUJYckxpQjBrRW5aME9KNE1WQlFvWDNvSWNxeFZ0VmFFcFRvMjBWTmdwOGp1RFYtZEhGV1JQTk9BblEtMWRDVWMxVWdXcGxEb0p4NGJPUQ?oc=5"
"PD-042","Dugaan Pungli di Dapur MBG Ciamis, KRBR Desak DPRD Bertindak Tegas - Liputanesia.co.id","Kunjungan Kerja","DPRD Jabar / Pimpinan","Ciamis","Fri, 03 Apr 2026 07:00:00 GMT","Liputanesia.co.id","https://news.google.com/rss/articles/CBMiiAFBVV95cUxNLUg1aGtQLURndVZMX0NoODJyMTdHQkNqUTktX1NYTWNBU1hONzhCakVVYnNTcENwWENhRThCZjJUNjVyZHppZTJtb29GQUp2Mk4yNXdLYUZ2LTVGS2NHOThjcjM3bmdfSTI5aEZzV1lvMzRxOVlHQmhNSEY1b2ZLQUZnb3RNRDRw?oc=5"
"PD-043","Disdik Jabar tetapkan syarat untuk daftar Sekolah Maung Jabar 2026 - ANTARA News","Kunjungan Kerja","DPRD Jabar / Pimpinan","Jawa Barat / Terkait","Wed, 20 May 2026 07:00:00 GMT","ANTARA News","https://news.google.com/rss/articles/CBMirAFBVV95cUxPVWJIUTFmS2NzVFZ3Qmx2S3pZWGh0R0tIRlYxdEVmdVI0b2Z2M1ItYXJQa2Z5UUJxR09XN3pYcTVLRkM4RTB0NXQ3YUNRbDJhUl9LTVk5M1FKX1VKVmhTNzhGLTZ0YUp1VFZ1cU4yQTkwVVBSYjk2clQ2eGVORUFMRGo2eEdqUGlqN2NFUUhWa0QxTjVpazV2V0ZXZFRLS2xQZ19VUU1UVzdBNjhB0gGvAUFVX3lxTFAxeHVhakFIbjBveVZNbDdnaXBNSG5ISlJLRTl4Tmd4dERQYjV3TW5kcDljV2hzRXJTMDVmelM3by1PUDdzcDd6MXU5clQ3ZmNuNjZDekVKZU9Od3hveUxMbS04N0tkUzNld1lyTEZwZURvYTlFR0ExREY5elhZS0RMT3Q2MklKOXRlNG1PZjhZWFFUajNMZ1VpTXB3RmhmZFlEU1YyR25hbERCN0J0TDg?oc=5"
"PD-044","Komisi II DPRD Kalbar Tinjau Pabrik Alumina di Sanggau, Soroti Dampak Ekonomi Daerah dan Serapan Tenaga Kerja Lokal - Pontianak Post","Kunjungan Kerja","Komisi I","Jawa Barat / Terkait","Thu, 12 Mar 2026 07:00:00 GMT","Pontianak Post","https://news.google.com/rss/articles/CBMi_wFBVV95cUxPUkFERS10Y3JPRTZjeWowb3pidGVUekljWkhBY1N4Xzg3bjlsckFXZEgyV1BkYWlUSkpQalhyRURiSE00eVFyV050cEdWOVlSYUJheEphZkt5QlpBY21ydWlkdzlyaFpYYmI4azFZWDU0Q2Q2Q210NF9Nc1c3SExZRHByY2JNTlNjY3RSUHM4V3RhanhMN0pkSVNTMmpyWlkxZ0JwT1dyblI3VV9waGZ4Vks3TURsREVFaTM5aHIxRTBCd21LVmdUbGRiTTVFcDBlTU1tUFBDVmUwZFFNNGZ1NmdjdlRBOEYzalJsMVRvMmhCNlBfZTdGTjBYSnJDMVXSAYQCQVVfeXFMTlg3SnhhZ1BfV3JCM0ZFYVZZVWJSdi14Y2cyaXhwODF1R3BRX3VZallEbk8yYWN0bE1QdnhHNnJ6dUhSdl93YkFQeXVsNVY1aG04aktFeVNyZk9feDA5Nl9QOTJiYk15WDZxYWVYZDhGSE1NZVdUY1F5R2dWZmNLUTVrOGMwMXVqQ2ViczhTZEFwOHNkX3VpYmYzTjk2OFNnQUVNRDVtUms4QTBXMmt0TjE3SEkxd2xSaTVIWHVnMk9Dc0ZFT05laUtyUXY3MlJzekUzeElxeGlzYlRoR0hlczlNdU1fZXNSVXBYTldmRjBhLUJxLWVZaTJuaGlRLTdlRmpQSTI?oc=5"
"PD-045","Lahan 10 Hektare Dikunci! Pemkab Sukabumi Siapkan Pusat Pemerintahan Baru di Utara - Suarajabar.id","Kunjungan Kerja","DPRD Jabar / Pimpinan","Sukabumi","Thu, 23 Apr 2026 07:00:00 GMT","Suarajabar.id","https://news.google.com/rss/articles/CBMixwFBVV95cUxORmFpcElONUhncmpQU0ZxNktYdGNzYURkNWtZdC1DaFcyQWNBbzE4aXVGQ2RNSFFHZW5BemNpb2pNY3lmb1p1UXpYZHl6b0RUQVNReXVvUXNnX2pfTWdFVTV6OUwxNDloak1XQTJ0aTE3eDQ2eGFORVpvT0g5d0c0UXJrZl9YSTUwempkQXhGWUlIVVNkODRsaTZTaDZYNTc1b3dpeE50MkMzQk1KbmNKZlNhcTBEVjZFVUpMSmJ6V0dTVW9aWmxF0gHMAUFVX3lxTE84SzMzang5ZkdaSDZudE41MGFlcFNSdkhOdXo4d3EtWWI4R3Y1WmlUaFVxUlZzZlk4eVoyWXJvd05VYWJqWkMwLW9CVVBybnVvNng1a1ZTakN5T2lTZkRRY2ZMY2xDbUdhaGU5Nm0xTFJyT2pMLVgzd2t3YU1vNlVHdDhqc0JEQy11eG5vcXU0RnB3d1hyd3hsWTRvLXE1UDQ5U1Nidi1wNEZaT2MzQVZYN2FCdjl2eE82TVp3RklNOVY4Z0tBNnFScEFrRQ?oc=5"
"PD-046","DPRD Jabar Usulkan Pemberlakuan Kembali Pembayaran SPP di SMA dan SMK Negeri - Tribunjabar.id","Kunjungan Kerja","DPRD Jabar / Pimpinan","Jawa Barat / Terkait","Wed, 15 Jul 2026 07:00:00 GMT","Tribunjabar.id","https://news.google.com/rss/articles/CBMixAFBVV95cUxONFlROFVCX1ZxNnNtWXZmM0djY1o3anZaVkJPazZQXy0yZVdZNENDdWhSa3FwX3VKOVBKN0Z1OUVsa081dFhjMFhVTXlRejZNaXVzeXdhaXZjd2p2d21IbXRUekwtSDRwZVJVaFFidmpDbmtvdnozOHVuZEtFcThpbzJtai1zZXdsWmxvZkxzc180cEYxMk8wOExVZkhHUjlFZWhlMXdCSlJHY19BV3Rhb0dBdHdsZnJMU0xFT1U1UHI3aTRI?oc=5"
"PD-047","Pasca Demo Massa Depan Gedung DPRD Jawa Barat, Sejumlah Fasilitas Rusak Berat, Agenda Kerja Tetap Jalan - Desk Jabar - Desk Jabar","Kunjungan Kerja","DPRD Jabar / Pimpinan","Jawa Barat / Terkait","Fri, 05 Sep 2025 07:00:00 GMT","Desk Jabar","https://news.google.com/rss/articles/CBMi7wFBVV95cUxQa3ZuY1ViaXBDdnpGdGdFaDBCNFJydlBISXZYYkc5U2hsY081UkVBTENjLWM4Z205SllVMnd3WUlfQng5UENLOVdFOGpDQnQ1bDA5c2R6c0IwMW9hRXUydTVESlBXdDlwZmhqOTItbDVHOVkxcHJHZlJyNHYxQ284WjBDUEhjczhXSnNQRW9fVVNRdjNrNW9iWUVBV05GeHNxSFFOcDhTRTliMmVOMjdZUnFCVVU3ZE5SMlB3ZVZOTTl3ZDJPYXAtZ1NrOWhsLU5MT3J0WlUyaDlhbERTX3AwamdXY3dYNkoxQkFQYTd4QdIB9AFBVV95cUxQSEdoWGh2dms2b1ZnU0lSaXpKYkJJV29fLXpNYVVkLVQ1UDdCYV9aRUp3ZkdnaXdEbVBpLWJzeUJyWEpmSUNmU1Y0UGc3RlFjQlhHTGFUTm1jV281TGJMU0RjZ3VqNHVlSXlKcGxlZHJaUHczcmRuR19IMFpjd3ZCOGxfOHUyVFRLWnpmYUFzS01ma3Q0dGZiV21pMFFqQXJLZmtCX3FrYjM3OUxkMEtTeE1FNWp6MzRiNnZMcGRFRng5WmIzT1hqQVExR3NFU1VDZlA2ZUprQnR3cFBGcEZsck5acWlzdGR5NlR4LUN0NW8xYnlO?oc=5"
"PD-048","HUT ke-81 Republik Indonesia, Ini Pesan dari Anggota DPRD Jawa Barat Pradi Supriatna : Tambah Kemauan dan Keilmuan - Radar Depok - Radar Depok","Kunjungan Kerja","DPRD Jabar / Pimpinan","Depok","Tue, 18 Aug 2026 11:19:00 GMT","Radar Depok","https://news.google.com/rss/articles/CBMi8gFBVV95cUxQTWxqMHhDU0hvajNkbXktWUVpX3pvaG5zUEUwa29VWnJWaml6dU55b0xIV0U1MExiUThYLUx0eWZWeWhzZnQ2RE9ySUtxQWJzTncxaGxWLXZuYzF1Z01DaVdDSTJoRHd1Q3dialVhbE9Fc3RsTnM2ZkR4RHkzRHBPZXVBNi1vTEJJV1ZhMjNnLUo5WDY2N3pzTmM3M3hha2NBdlcwQjBUSUp5cHRWamF6ZUVIOTctX3NLemFteFBodzBSTnJWM01GNkU5NUtIVW9Ba1ltSlpiU1QzNUlTVFI2YTZMRHd0QjFyYVFDeUIzQVVRUdIB8gFBVV95cUxQTWxqMHhDU0hvajNkbXktWUVpX3pvaG5zUEUwa29VWnJWaml6dU55b0xIV0U1MExiUThYLUx0eWZWeWhzZnQ2RE9ySUtxQWJzTncxaGxWLXZuYzF1Z01DaVdDSTJoRHd1Q3dialVhbE9Fc3RsTnM2ZkR4RHkzRHBPZXVBNi1vTEJJV1ZhMjNnLUo5WDY2N3pzTmM3M3hha2NBdlcwQjBUSUp5cHRWamF6ZUVIOTctX3NLemFteFBodzBSTnJWM01GNkU5NUtIVW9Ba1ltSlpiU1QzNUlTVFI2YTZMRHd0QjFyYVFDeUIzQVVRUQ?oc=5"
"PD-049","DPRD Jatim Terima Kunjungan Komisi I DPRD Papua Barat, Bahas Tata Kelola Anggaran - portaljtv.com","Kunjungan Kerja","Komisi I","Jawa Barat / Terkait","Tue, 11 Aug 2026 07:00:00 GMT","portaljtv.com","https://news.google.com/rss/articles/CBMiqwFBVV95cUxQSkpBOHhoaW12ZWxNQWF6OTJ1V1JObW11TFlmZkpiZVJtVHk2M29SY3Nzc2hlamxpRHZOdEpHc29nLUZWMWxyMm5NUmFjNGpPOERXY0JHemZEb1BaZGxERWJhdWJrZ3FXQzlfQVVjMHNVVGJZQ3ZlYzk0YXAwOGpabGlRNURwbU9EY2tGeGdhSUs0Wmw0YTdObDgwdFE2UGM5T09nY2Q4T0pFVDA?oc=5"
"PD-050","BBNKB Lampaui Target tapi PKB Justru Tertinggal, Komisi III DPRD Jabar Genjot Strategi Kejar Pendapatan Daerah - Warta Ekonomi","Kunjungan Kerja","Komisi I","Jawa Barat / Terkait","Tue, 05 May 2026 07:00:00 GMT","Warta Ekonomi","https://news.google.com/rss/articles/CBMi4AFBVV95cUxObm5fa05FcjVBWTFBVkFRSWNzY2J3SzFLeGUzSTlwT2FJakJFbllyU2dLSV8yU0ZpQlNpZkpHYktPTkhmTlFfQm1NcTJveE44U0NlWTNLc1NuSUc2SDZrMk5iVjRQdUwzTXlheVNOWWJFMnJDYUNRWmdSWmxPSG1GaVUxS2JuV21wTkp6bmhfNE9ydFNleGN5d0JmTndDRWZ6b2ZaTFR4OHFmTFhmbFFUTzlXWlNudVVLM2h6cTYwbWdOZXZTcThwZnlTN09id01vc0ZYZkM3UlY0SUJYRW1qb9IB5gFBVV95cUxQRXBpeVpqZHg0OXpOQUpQVzVnejUzZFlDMFBTWF9Lb2F0bW9qUjBuTnYyRXhYM2NJX21oaURzeHNnTDB5alhfZ2c5aHNzdDRXZm9PYS1BclhYU0g1OGFaSnpqQkUycTZjbjh6c2prZHV6NHdPZE40OXViMXBXaG9kN2lyN1hMa09CZVhSSks3T2w4WlhjNHA3YzEtbDM3bFNld29oRnluRTlOZEpvckdHazR1dC1qY0NyUnpodVVjeDl6Qkg0VWpWNi1MWV9Bb3NXZ1IzOWxULXZrUllIZV91MHpScS1jZw?oc=5"
"PD-051","DPRD Jatim Terima Kunjungan Komisi I DPRD Papua Barat, Bahas Tata Kelola Anggaran Hingga Pokir - portaljtv.com","Kunjungan Kerja","Komisi I","Jawa Barat / Terkait","Wed, 12 Aug 2026 02:00:00 GMT","portaljtv.com","https://news.google.com/rss/articles/CBMivAFBVV95cUxOQi10d2ItS196Z2pTVHc2RFNKX3NYLXRIX09EYTFJX1drT2gtU25QVTRXZi1NUFA0R3o5WjQ1SFBPR0s1VXk2WEhLUWJuMFprYk1BTTE2WnFGY1k0bmtLTUtEQXBXVUdseGlSZk9mZ2E1VHg3UElhR0dYWTFSZHZNUUs1OERaQnk5S0lRZ29KSmF6VEFMWjkwcnJRRzcwYXN6Rnh3UDRhb0xSZEVFMExRVDhwNXQtclFhUFVoMw?oc=5"
"PD-052","DPRD Jabar Soroti Kendala Sarana dan Anggaran Sekolah Maung di Ciamis - Tribunnews.com","Kunjungan Kerja","DPRD Jabar / Pimpinan","Ciamis","Wed, 29 Jul 2026 07:00:00 GMT","Tribunnews.com","https://news.google.com/rss/articles/CBMitAFBVV95cUxQZ2dhNHc0RjRzTG8wakw0Y1l0Yk5qMndnWG02UEZqT3ROTGoycURCSlJuclFQc2REbTFjeC1fejNsTFdCLTNQZ25vbi05VzFEeXhUWlpVSGN5MHZ6SXdyRHFDN2lZQXZ0MnZOanc1WVVUM0xqMXRCbGltVU9MZTRwMWRiN1lUXy1iSlJFcjQtM2UtdnBtWTR6RXBxS1J4VU9jeS00R3lYbm5wVDF1V2VrZFFQUmg?oc=5"
"PD-053","Pansus XV DPRD Jabar Soroti Alih Fungsi Lahan, Sampah dan Sungai di Bogor - disway.id - Disway","Kunjungan Kerja","DPRD Jabar / Pimpinan","Bogor","Tue, 04 Aug 2026 07:00:00 GMT","Disway","https://news.google.com/rss/articles/CBMipAFBVV95cUxNR21TNU5zcEl2YVp3Q1Rub09sZTFkbEY1UjUzYWh1LU9uVWxPTndjY2JkV2ZOS1RDbGwzVmhBR1JQVExobnpmS0JaVnpVUm5rRWRaRlBqMnN2LXdrREdCcWYyMUVwUmZLNkR1TW9jRzRQbE91dnV2czVzenZfOVg0eHdHN3NncWpCemNrNjFtZXN4ejd0dzRkTnhjdU1YSDg1eGd0dtIBowFBVV95cUxQZWw1d1NHdTFMYzJzMk5HMEYzOXRRNzdQTmRLZko5eU15RjFHSGZzQW5ucjBZQ1RxY1VzVU02UG5aaE1DNmtRMjJvUEpIb3pIcXY3TlBPMC12elJwclFhV01JNDk3OHVVeDg3azMtRmVOWkQ1MFo3UHNXdjR5Vk96d3pYQTdXYWJfMDRnMW5VaVU2cGlrdVFhemNydnB6amxhV3d3?oc=5"
"PD-054","DPRD Jabar Soroti Alih Fungsi Lahan, Sampah, dan Sungai di Bogor - Bedanews","Kunjungan Kerja","DPRD Jabar / Pimpinan","Bogor","Fri, 31 Jul 2026 17:55:16 GMT","Bedanews","https://news.google.com/rss/articles/CBMijAFBVV95cUxOMjk0aExaUExZZ3VYQ0JVZjI4cU1KRDY5Q0VKTENzRXoyYXoxRVQ5S0dIaFBJanE3bHJVZWRoQWlPdWlzQ09BZVVuWm42c1U1eTdGejY0VElFSmUzZkE2WlY5S0xSeWxKUmFrUVV1Y3FqTHFDRTRxNVVCSVZYMTdRY2NrX0FBaWswbXViNw?oc=5"
"PD-055","Ono Surono Minta Kader PDI Perjuangan di DPRD Kabupaten/Kota se-Jabar Restrukturisasi APBD - republika.co.id","Kunjungan Kerja","DPRD Jabar / Pimpinan","Jawa Barat / Terkait","Wed, 03 Jun 2026 07:00:00 GMT","republika.co.id","https://news.google.com/rss/articles/CBMi0wFBVV95cUxNRkJQVmpuQ185ZU1SQ0Foa3pyZ2xJVnNVWm1pNHBIMVBiNE1ocEtFcjBmQjlxWmE3ZTVCRDlseVlMQW9Na2w0MW90ajB6TlZiWUc3VE4yOEh5UVNPbWc4eTkwSmNpWVRYc3BBY3ZCOXo4WGhoSzlxOEYydV9QU0kwMkpZQy1IdjNEVnEyZ0ZUSS1aRklOMFdzRmM0bXFsR0xhN1EyRVJnZzRhVXNFQW9fU0s5eTdtaV9wVkZTSFpMSmh1VTYyaWhmdzdUazJuOHhPSWs0?oc=5"
"PD-056","DPRD Jabar Usul SMA Negeri Bayar SPP Lagi, Dedi Mulyadi Tegas Menolak: Biaya Ditanggung Pemerintah - Tribunjabar.id","Kunjungan Kerja","DPRD Jabar / Pimpinan","Jawa Barat / Terkait","Thu, 16 Jul 2026 07:00:00 GMT","Tribunjabar.id","https://news.google.com/rss/articles/CBMi4AFBVV95cUxOU25abDRTT1NOU2MxT2l6UF80dW85S1dsUkE2ZGY3cUQ2RUxFVUpkRUtBeUNUb2ZsNzA0QjVVaUVsNjBuVlFrTTNCSlhoR1dYMkpVTXkySGo1cy1OZzJndGxyQnhNTk5OSEVabVVQSnFKNTdBTU1Od1NpYVNxVER4Wi1sNVhwVmZxQnF6MXJaMkludHRzRDdBMGxzSlNLR0tjQ1RWSzl3YTdJU2V3NGI4WlBUMXU0Mk9GSlhTblZKV2xRWDhvMS1jNVU5clp1TGNuZk9URjI4d01CcmkyM1RCLQ?oc=5"
"PD-057","Ade Puspitasari Sosialisasikan KUR Ekraf, Ajak Pelaku Usaha Manfaatkan Pembiayaan Bunga Rendah - Pojok Bekasi - Pojok Bekasi","Kunjungan Kerja","DPRD Jabar / Pimpinan","Bekasi","Fri, 15 May 2026 07:00:00 GMT","Pojok Bekasi","https://news.google.com/rss/articles/CBMi3AFBVV95cUxPZlVFY21OOEVIeHRIMzZ3ZXhBa1BpeU9zUWdkZEpGZnJidnplTW5NQnpvQXZycVgyLV95LUVBanM2QWlEcVRXNGFpdldTQWduSzZMSU84NzlKRWZvWUpqTHo1UUwyeW93MG1qYlhzaE9VMGRUeHR5dUF3Y0dEN2tOTDlYUV9rdmpzeGxHZmlxcHFiUXY4NFlYNXBmUnFnRE0takhuLVJ5c1NBdEJjUWkzM1daOXlaZWhLNFhFUVcxTW1pcGNEX3VJMkFTLWhvX2JIaDk1OXRieGRlYlBT0gHiAUFVX3lxTE9mMEE4SGVMY2lJdEVjb2drYkRaTWRhVkJBNHZ3VTl1WlFDa1l4eUlrd0ZzWEJyYkdFbko0M29mSjlid0NZQ3J2UFN2UXNZTTg1NjdWcGZNRUY0UUxqbVltSzQ4SVJ1TG52ajd2MURaOU00SXg5Q2l2RVJzYzFKMGxLQWJ0SWFfOGRVbjU3VTctZTRnTzZhem84TW16UDVZMlhnelNZU3BQZml3MDV5S2RYU3l1VExVNUFZdTgzVnNMd0RfeUhqcWRwWFFkRFNiRmdVd0tXWVBVSmhidnNod0V1akE?oc=5"
"PD-058","Dari Tiket TNGHS Mahal hingga Desa Wisata, Aspirasi Warga di Reses DPRD Sukabumi - Sukabumi Update - Sukabumi Update","Reses","Seluruh Anggota (Reses Dapil)","Sukabumi","Wed, 24 Sep 2025 07:00:00 GMT","Sukabumi Update","https://news.google.com/rss/articles/CBMi0AFBVV95cUxObHdyeVhnLXhlTGZEYS1jZXdWQjFKM1pOMGlQaDFEMk5kUmdDbU1waVBDeFJ5dkxPeDRPNktwVUQwZG5MWmZoZVpDQkhvcDVickpaaW9pbEoxX3RsYmZSVU9mWGhtTERGTmtnX2x1SWxjMXZoUVl0QUE4LWVnazRuTGRaZUpTSHd0MlJleHp0Y0ZaTG1aY3cxR3ZQYjVrcDhvdkpXdkMtTE1VTFFWbGpud01PSHltMUx4S0pVYUVjT2lpcTZxNTZPcjFhd0pKTHlX0gHQAUFVX3lxTFBUYWJjaFdtcmFMUXlpSldWZW9wbzktRTMyQThkc2Uzb3d5MjMtMm15OHNxOFdzYmw3VHhOM29VckY3VXJrTTluR19LVGlSczllWEFFWEx0dGxrM1d1cHI4SXBGX3NVZXF0MEgwaE0xN0NZMF9YbHIyMklMdjRzZFR0YjZrMW9ydzdnYzMxNHlwdEVBZ09jbXBqSkVKMkMzdmNGQy1ubl9xRjFiRkFtLWpGbkozX3ZVT3hWeFAySzRpc05oeXlDTXlCUmdBcUhibHo?oc=5"
"PD-059","Ade Puspitasari Soroti Strategi Cegah Banjir di Bekasi - Pojok Bekasi - Pojok Bekasi","Kunjungan Kerja","DPRD Jabar / Pimpinan","Bekasi","Tue, 24 Feb 2026 08:00:00 GMT","Pojok Bekasi","https://news.google.com/rss/articles/CBMiqAFBVV95cUxPOWJ5aHJwZWl1R3lfVkw5ZlpNbFlIYlp1RDZxM0ZnR1ViRmU3OEo0TTl1WDVNOGRqN3B2S21JRm13ZWZKajlHTkNXeHVZWnVDaFRhR1hOVWVfOFpuOTA0YWhiWnRkb0JvNThQNXVsNXlYMW9LaFFJUzNqYXpIX3hESnYxRllkYjR4R2RqQkZ2YWNFRnJKTWFaTmstRHloVjNaaVl2X19kVGfSAa4BQVVfeXFMUHRmMktBWi03cERoNUpPaS1WcGFDZndvdmJNdEM3X25wS1M3R2FRcWtmMnhUOFBmSGRtcHd5Y1Zic05yOU5Tbkg2bWlLeHNMYVdPWWkyR0swVHV3T3dwS0NQOG5JQVhEX1BoNzhUVWRfcFlvSHVVYVVuWTNveDFnOXNkSWlqV3lFUmxuU29INkdDcEtBQ3BvRHYybUFJc3g3TXRBd3lvNHNKcEJqVFFn?oc=5"
"PD-060","Pemekaran Sukabumi Utara di Depan Mata: Administrasi Rampung, Kini Menanti Restu Pusat - Sukabumi Update - Sukabumi Update","Kunjungan Kerja","DPRD Jabar / Pimpinan","Sukabumi","Wed, 22 Apr 2026 07:00:00 GMT","Sukabumi Update","https://news.google.com/rss/articles/CBMiywFBVV95cUxQMUhMT0huZGszeklqUDBUNVU2bDFadDRYSWprQlBnY0NZZVZjc2VfLXhockM4NTQtekZ3ejVlZHV1dXdyMEdOYm4tbkNwNUtaTkJNREFoZUY1OXY3WWF0OVV1ZXNvQm1HY0xQQVdGMTc2MW9jY1RzODgzZllVNTg0Ri1valVDMjByVWg1MFNQUnlTUlp2M3NEcWsybDZKTmx3VzA2a0pfWmJRa1dRd1NiSHB6SHFhTWhrNm9BemVpTVVqc0NMYVBrOWNkd9IBywFBVV95cUxPbjJoZGFJRnNhelN1cUFNcWpTV2QtemphcnBsdWJraXVhS3N6ZXdkRC1OdHV4R21nV1B1d0NsRjVRNFhwWncxOTB6RW5ycXZQX2lUQUtsUDNWUVpBYTZGLVozYXh3QUxlVm92RVdBVHo2MV9IMWtWTVVqaTVRX2h1N3M4Y01qX1NxVWprTzdDemt5QWFIRVRlbUo1ZHZKaWhjYzhHNGYyVl9ybFFGUzFZa21qNE4yZlpydHlvYkd0NHVfaDlTQ1ZlVFNWVQ?oc=5"
"PD-061","Dedi Mulyadi Usul Batas Gaji Orang Tua Penerima KIP Kuliah Naik Jadi Rp 10 Juta - Radar Depok - Radar Depok","Kunjungan Kerja","DPRD Jabar / Pimpinan","Depok","Wed, 12 Aug 2026 03:56:05 GMT","Radar Depok","https://news.google.com/rss/articles/CBMixgFBVV95cUxQTmljcUNQM1BzUldIQndKV29JZ2YtME13SWRPd2xQZTlHdFlQLVRCVm9YR3VmZjBEbXBMUUhXR1lxWDRtWi1EbmVUMnczYV81Vk1VYjRzZ1ptZ0IxQVpaaHhaMnp4YjJLOHgzTG1uUHhiTDVBTEp4Rk1sUFNjV0dxQzgwbjBVdVlSTmI2dFEwU2pkRFczbURURTV2Y2w5bE5IVDZCYnU1MHE3MktwOEpXdFREZlVVQUlWMjk5T3JlOHR4SFdKSkHSAcsBQVVfeXFMTkpTTXNwZUVTUDZnYl8tOUZSOHBwalRRSkJtQWU1elFQSUlNN3NOejFkeldraDRPUDU3LTViTzNEcFJhMC1uLW9sdk1KcDQ4VWtOamdHWng2Tm9aS1QzVmJRR1ZKdTdLQ2pJWkVKV2hrYzVlZ3RZX0x0a0c5WHd1dFpQYnJVU3hfemZfd0FyVWxib0hYOVNTVFRyUHRJM25SRUd3cWdMNWFXSGNMWTF0dVhMWHFQRzdOdktyd25PREx0dHhNdVQ4RHFuWG8?oc=5"
"PD-062","Kemirimuka FC U-40 Resmi Dikukuhkan hingga Pamer Jersey Baru, Ketua LPM : Jersey Ini agar Meningkatkan Semangat - Radar Depok - Radar Depok","Kunjungan Kerja","DPRD Jabar / Pimpinan","Depok","Sun, 09 Aug 2026 12:05:20 GMT","Radar Depok","https://news.google.com/rss/articles/CBMi7wFBVV95cUxPVlNRNGZ2azVwbEEtbF94Yi13Qm1mSy1Sc1YzbzE2bmg1Rlg4b3RtOG4ySi1DcHlIY3VicVVLcEtvVW5FbFg2aEtYdTRCd2NETUJqaEhRWXhyTE9LQmRnZzFOanh4SzFzbWNtTER5dm9jOGE5bVlrN1JfY0VEdjUtOU5VVVJqZlZLY01oQ0xBNXdzOTdLUUh2MFE2b1lyNVoyZnJmN3B0U2FFeTJBSUdIVHJmaVFWV2tHbFdURWhYUklYVll5Y1hEcGdxOGtSUVFYaEo4aC1qWFgyNV9LRmprNHZkTUh5Ynh3N3F0aDRfa9IB9AFBVV95cUxQOGNZeFo2Q3pSRUQxZkJydmpvYUtRdGtGQXFJdlpqWFJMWVdHWWloWmJZamhZYlFsREJxQjBmUno3d1dvblBCTm1jMmNYQ0l0ekVENnl5X2h5UEpJUVBfVGp1VG02WjMtdnpDRGl3azgtX2NfOTA1R0NtaThkNVhXd3ZudTAtR2NCeWZaSGgxYUZmcm82N3lFOVNtcFBZTnllOEthSGk2X0oxM3pXUUZQTUJsNzZjbTlWNmtkcUsydXBJaEtYcmhXb2tYYVNoZk8xa1NzZjI5WFpYVHFVNDM3RmVTaE5NYWtvWXBsd0poS0VURkQ2?oc=5"
"PD-063","Dukung Kualitas Benih Unggul, Kadistanhorti Jabar Monev ke BBH Cimangkok Sukabumi - Sukabumi Update - Sukabumi Update","Kunjungan Kerja","DPRD Jabar / Pimpinan","Sukabumi","Fri, 01 May 2026 07:00:00 GMT","Sukabumi Update","https://news.google.com/rss/articles/CBMixwFBVV95cUxPNXNSVlBVSXJXdUJWSEhWQVhYT0xIODZTNjlqajlGcUViMWJmVXVxd2R1SGFkakpsby1ObXNUUTVfaV9wNUNsWU9xRnZkUGdmY2k0dVlNSHkxSm1LNi1EMndxdEc3RFRtNU1OX3Y4ZWpFTGZKZEdmRjNmcG1iZWkzbmFramJjR3dSeXJqdlg0UF9Lck02RlJTbU8zdWdFQ3pkMl9iUUJORzU1b2pUcmFkeEZmRzM4SW1lMUNBSkVXMzNRZTZ2cDFZ0gHDAUFVX3lxTE44Zk5JYzlfeDZIMW5Xc0tiV0V1TmNsbk8xOERsTVgwT0ZNaFB4LXliQTgwNHYyYjVpcVBZYnQyNWE1M2FoSzVtRzlTQXVYMXFzMzZobVFXU2R2QkJ4Zm42Rzk4MTUtWE03Z0Y4Z1diWjBFT1B3UXM0ZVpHZjRMSllVVGhmSmtTSmQyQmZKVVBYZ2RsS0RhQUdON3hCRFRfUWVhTURWb2VnOVhIUWRIbmRqNi1Zbjh2Y2NJb29PUWV3MmV2WQ?oc=5"
"PD-064","KONI Kota Bogor Kedatangan Rombongan DPRD Kota Depok Jelang Porprov Jabar - Radar Bogor","Kunjungan Kerja","DPRD Jabar / Pimpinan","Bogor, Depok","Wed, 19 Aug 2026 13:34:22 GMT","Radar Bogor","https://news.google.com/rss/articles/CBMiwgFBVV95cUxNN3hvU3Vsd3VoSnZDcDZJWFFIeDctYmtZRVFCUmhRQzFRQWdYSkJOd1p6QXd5cENLaHF1ODl6T25VU0NZbGhsN21raWItSzVTazZWX28tb29NTkVTWks2dkxRS2NQaVg2TE00SWI5R19CZXN4eHpXNG12dXU3R21YZUZhUmxYa3VQcXloTmZ6dWt2akdpSEg0VXFNdW40LU1LMGlsRXJOb3ZoVmIxczF3T0VsQ21JUnRVQzFzNWZWY0pYUdIBxwFBVV95cUxOdE9EWTJHWG4xalB6blF1VHp4aWkwaGNlU1YybjBOXzkyTEdzLVctR2Z0YWZVRjRIVzZNYlNlMnBDOFBPbHNnb05sdmF6eEJfZ1IxaGN4d2FKOVhpN2RHSk00cjJKOFFsekYtbkxaRm0zRmw2ZWNhSVRPN3U3Z1pRcmlCNVVqekNaVWpKcTlkSDItRVdTMkpwSDVyZFlhUE9YTWF5OHFLdUdRb2pCcko2UC1lOGY4am9PWWhkOGR6cnZ6b3hWZzZr?oc=5"
"PD-065","E-voting Pilkades Kabupaten Bekasi Bakal Diterapkan di Sumbawa Barat - potretjabar.com","Kunjungan Kerja","DPRD Jabar / Pimpinan","Bekasi","Thu, 23 Jul 2026 07:00:00 GMT","potretjabar.com","https://news.google.com/rss/articles/CBMiogFBVV95cUxPWWV1YlkzUzdGa3NxVTcwQmxSZ19iT3RNN3NDaGNnVUV4Ykw1Y1ZnWW5haUIycmNyN1lWQUpwcEtMWU1mbENQYzd1aFF6VGFNOUktT2hKcjRLV1lpM0hfbUpaSmU2Yy1qOXZKR08wcDhpMmxpUEg3RjNzb19FaHFBUGdTZVVyMXNLYWRISW91YVlWTnpGaURFWkxxT1Y0N1ZwU0E?oc=5"
"PD-066","Sangat Siap Mekar, Pemkab Sukabumi Siapkan 10 Hektare Lahan untuk Pusat Pemerintahan KSU - Sukabumi Update - Sukabumi Update","Kunjungan Kerja","DPRD Jabar / Pimpinan","Sukabumi","Thu, 23 Apr 2026 07:00:00 GMT","Sukabumi Update","https://news.google.com/rss/articles/CBMizwFBVV95cUxPVnZNSExBUll6dlZlUUtsSFRaRWN2Z3BPS29GQkpsNjZoNW9BZDBCZ0hxUFRhSEhxQ2FUamZxSUdPVzRnSlA0SklxenFzQ0RyWGt6bWR4bkNWbFljTUxUMk1SMlpvLTZ1VUVlNEkxM2JsdHZnUW5BNlNwUEktVmlKVU1oajlwRkE2RExsYUk0QzdHRkZ4TkVuRGdhb2hJSUJCWU5ZNVZ6NnBaSHQyZDBzc0U5SVZuSzRHRnJOWDVsWTJ5d2xITldrVDJnM0VWbU3SAc8BQVVfeXFMTURwajVrZnZKb05DSlVhZVBFRU1KcFZfRmtDMVV0Nkd6Y0pUdm5lMXJ6ZUxlbGUweVh2NTFyYzRtY2FPdDZyM2RBbDJFa0FaWVZzWHV2dlhMV0J5ZjJENHpVVXR3SnlUZW93U2drOGwtdDVLaWZtbGxOZnl6YTlkZGVIaGYydlhadHMtUzBmU0ZYMTBKZFFoams1ejlucVhhNVpzQjdLb01uMzhSeS1qM29WTlN2ME82VW9CWjBOa243WHNOTFRjNkVUNGp4bEc4?oc=5"
"PD-067","PTPN I Regional 2 dan Kodam III Siliwangi Perkuat Sinergitas Pengamanan Perkebunan - Desk Jabar - Desk Jabar","Kunjungan Kerja","DPRD Jabar / Pimpinan","Jawa Barat / Terkait","Fri, 31 Oct 2025 07:00:00 GMT","Desk Jabar","https://news.google.com/rss/articles/CBMi1gFBVV95cUxNSkdEZDU1UUFJTDRFaEhHcDlQVnRmd1VjWEd0OEJkd0tvM2NEY3l6SGhDRkVySWZMcmZLWVRCT2poZEV0cFYtd3Fkck5XeWRlM21UZ0k3Qm12akV5R2h5MzVBa0lyejBCMUx2WFJSX2VJRXhBajZUejFRM3NQMjk4RjhzMmtiQ0hSYVlvY1lyZThPYWdsN1k4VndJVHZ3NE5EenNod2pkcVM4dV9WU0p1bTFWSUVlNmx5WXhtQUVRUURMNXRuc1ZxcFZ6bGM0R3F2LU5LWUdn0gHbAUFVX3lxTE1qazB1cU1yWkdoUGJMbjlZLVJtN2dHeTNSX2Z6WGxhUnZoZV9PQW5MQmZTTkpFcnRpLTMxSUlSaDZvYU80YTNWV3FxZTBUNGZIMUthRG1rTjNtbGxvNkNkSTRlS0JMNjZ1eVNTb3JzRm1qVXh1d2xqZzdrYjVBYzQwUU5sbHBWX0c0ak5YYWZWemJ6RmxMZDlYWXo2ZUkwZDlFbGt3UW4tVVJrZmVySVRKcHJrUXZITTNVUkpXZU1aczI5ZmlMb2x5Vk05YzJqOXVyMFZKV1A1cFpjdw?oc=5"
"PD-068","Christin Novalia Simanjuntak Kunjungi SLB Negeri Kota Depok, Tinjau Sarana Penunjang Pembelajaran - Teropong Media","Kunjungan Kerja","DPRD Jabar / Pimpinan","Depok","Mon, 20 Oct 2025 07:00:00 GMT","Teropong Media","https://news.google.com/rss/articles/CBMivwFBVV95cUxOa0dvSkZxX1hvTEt1MmpzMTd6VzE4WkZxc2xMbFhrRlp2WUZKTUdUY0lRU3FvVnJlQjFwR0J3UXFmNHZ0VFJKUzJubVU5Yy1sV2p5WjBidGdURmpPcVlPdlRQeTF6dUJwMWFxeGkzcTZ3eGVVZGY4dHdGR0lTSDNpRVl1cktsQXJWY0dIVFd4TEFmaGtJX1lXYkw3WF85VHlscnN3UVpET2R0Qml6WjE1ZzhvY1k3MEt1OUd2WDZabw?oc=5"
"PD-069","Resmi Menjabat Kepala DLHK Depok, Reni Fokus PSEL dan Perwal Sampah jadi Proyek Prioritas - Radar Depok - Radar Depok","Kunjungan Kerja","DPRD Jabar / Pimpinan","Depok","Mon, 25 May 2026 07:00:00 GMT","Radar Depok","https://news.google.com/rss/articles/CBMizgFBVV95cUxQdGRfcndEYkVpdnBhcUNyVXd3bldSd2tXbVQyQ19SY2NqMkhnQ05hV0l2cm9TbjBWOWxMSHNnMkRHdS1LUXNhNWplVVZBSzd6YlRnS1VxeEI2aTkxWURGQUREa1ZPLXlYSWpnWHpXQTRaV0dxQWNKQUlFUVBPcjExQTFDSjh1VWswVmc2WTdwdnRUSzdwLVg4SjZoa3lLZXZxcWRYel9tWlFYNm1iM0xTVVRabmVXbWhPM0VzN0tVaVB2cFNlaDh4MjBGMDRkUdIB0wFBVV95cUxNWVNlYnUwaFdKVVFpaWZoV3FYQlo0M1NqLTVzc1lUUkoza3ZMYWRmUzZzd2xFdnlYS2pQOWtHRkdlREQ5azF5N3pkbk9IeVJCck1GMnJMY0ZhcUZDMGxyTmFWVXRvMEQxODhRa283bTRkT2p6QnlUYjRuUnpHMUV1WF9RS1IzOGxXM0xFOGtIc3dVOS00MVN0MmhmZWJ4akxNaVhiaFlWQTZnNTFLMWVtd0VjSkZBbmh2YXo4QnpLLWR3dlo5VmRjWlZ3YTAxXzVrcnVv?oc=5"
"PD-070","Pemkot Dukung Cabor Berprestasi, KONI Kota Bogor Fokus Sport Science dan Perkuat Sinergitas - Radar Bogor","Kunjungan Kerja","DPRD Jabar / Pimpinan","Bogor","Thu, 20 Aug 2026 13:16:29 GMT","Radar Bogor","https://news.google.com/rss/articles/CBMi2AFBVV95cUxNektEV3g2UWw1amxRQ3laMHdoMlpYWVFnZ0VyZ1ZOMzVzS1BDazl1NHBhTGg4dWFhVTM4RFF1ck0zaXpQaXVQZmp5MnJwcUl3bzdpTUZUZFRTZ3VlVWc0RFI1QkNmV0pDYW5GRm5Cbmgtc2E5OVRyNThmdkMwdGwxZ1lGaUhMNFZQaVVTdm96ZmZvdUFuTGNIZXJzRmlOSWpGUDh5R1R4U2ppVm53bmNlU1VLcFlqUWhxS0JEN0lNV1pmcVRRNnVfMmkycWE2Q2ZMSEx3UEVKWEHSAd4BQVVfeXFMTVlsN1g3bHRZUW9hSHdjMTcxcEExWHM4Tk9xQ2diaGZBN1lMN2ROTkhFNnY5dUR2U3p6XzVwcm1lZzNjS09tc0pKSjVQQjlFQTNLV1BlOXhIYlFPNDZlcXJBUzJIT0NPZEtBYmdfeHd2NDVwSGJqdlM5VTBFb2dpZ1ZwNzNlV192eGZrX2E1X1ExZUxFeFZ3YmtySFFjN1BIblJ6dV8wcUJTV3J4ZVZfdGRHQ0pFazBaMmNVd0YtSXNxczdIUE94MWt2UGZzdGxJZmVEWXByY19LLU9pM1Vn?oc=5"
"PD-071","Biaya Penginapan Dinas DPRD Cirebon Disorot, Tembus Rp 4,31 M - detikcom","Kunjungan Kerja","DPRD Jabar / Pimpinan","Cirebon","Wed, 22 Apr 2026 07:00:00 GMT","detikcom","https://news.google.com/rss/articles/CBMisAFBVV95cUxPV3VKa0NEcTRacllxeHhFMHNpdWd2aUNmVndRTV9FM3NDdHVZZDdSMk14cTVyanZQbzY4RWVuSjM3dDc4T2Z4SXMtak8yV21TZ0JyVWt4WFdyc3lZYWtDdDc4WWlfcGtVVlR5dUtCLVYyZHZyTkFJbUlYSGxYZTVyTFliWDdUTWJ4dWN6bzZMWU5aQ2o5dzkxUUUxMjRtM3JsN3hkNUFzd01RaHkzZGYybdIBtgFBVV95cUxNaXN3eEdCWkgxNmNta2tnS2dtRVd3eEkyN1ltSnlieDd2YW94YnVPOTFXMDU4dDJyejlYVzZHYWRLd09jTUt5VjZwemFWWVpDUDQ0eWRxd3Qxd2FXeXFoOFltbnFIVFhIcEU0Um1RU3lpM0pZUC1oOEg2REhkVl8tSlBhYi1kZkRJcTR4UGoxU1NINnk2Ym9zWUhjSFh6QnFpV25laFB2eGZiLWRWR0Y0Zks0ZjBYZw?oc=5"
"PD-072","Raperda Perubahan APBD 2025, Bupati dan DPRD Tandatangani Kesepakatan Bersama Hasil Evaluasi Gubernur - bekasikab","Kunjungan Kerja","DPRD Jabar / Pimpinan","Jawa Barat / Terkait","Thu, 23 Oct 2025 07:00:00 GMT","bekasikab","https://news.google.com/rss/articles/CBMixwFBVV95cUxOcWRTS3kxcm1xdzlNRm92NWRPOXMteENWX2xkUkxxMFVOYTZwVzU4bUdaSW9iNmtMc1B5X0ZMQVQ3TC0xUjhtUjdrNXNEay0zeUtMU3V3dTBvLXItNFVKWDV0dC1aOVR3eVpsWHB2STZNWDlvSWs2YUxlb2JTNWg0eWFiN1dJMkJrODZmYW85amM5dmZ1UGVPLUNVZmpIVllaeDNOVDhZQmtfTzc3ZmprdGRZVjZVd290d2ZrZ0d2ek4xOXZsRjNn?oc=5"
"PD-073","Gaji dan Tunjangan Anggota DPRD Jabar Capai Rp 123 Juta per Bulan, Ini Rinciannya - Pikiran Rakyat Koran","Kunjungan Kerja","DPRD Jabar / Pimpinan","Jawa Barat / Terkait","Mon, 08 Sep 2025 07:00:00 GMT","Pikiran Rakyat Koran","https://news.google.com/rss/articles/CBMizAFBVV95cUxQbS1TZUVieXVCWE10cFZFSDAxNF81SjM2VjVWRFRfekcxb0oyRzJGRGdrT1FPaE1jYXJCY21hbHc1eWM4NDUxbnpyb0h3S3BsOW1CMUhTWkhHM1UwVVIycmFkV1Bfa2xlcTROWEwyZjFhQ3pfM2p0dm1QNFp3eElQdVZjelhNU1RvOHpTQ0JxTG10ZzhSdkduU0MwUDVKTG1RNk5XYTNGZWZfdkRwOVdDWkVOUUM4QTNUb25weFlleTcxV1pQcHJKYmFTb1M?oc=5"
"PD-074","Wali Kota Bandung Tekankan Efisiensi Setelah KUA-PPAS 2026 Disepakati - Jabarprov","Kunjungan Kerja","DPRD Jabar / Pimpinan","Bandung","Tue, 21 Oct 2025 07:00:00 GMT","Jabarprov","https://news.google.com/rss/articles/CBMirwFBVV95cUxPRnhacVUwM095XzhwYXg2SDQ2alpiQlN4Z0xnYTFHdDktSFlRZkNQUG1RZzk4RkJseEZPQlhwaThEdnBmOTZFbkR3X0VvUUZNUnM5R2VCMHVRUzRqejlwRHhiX0R5b2RuRmNHbG5xQXZnT2kyWDk1U280Zm8yRl9vRy1NeHBZTVlFdFdpY2ktRU8zRkRWa1VJU05UWlYzT045eFBwbzhwcVQ2OXNzT2VB?oc=5"
"PD-075","Take Home Pay DPRD Provinsi Jabar Per Bulan Sampai Rp90 Juta - IDN Times Jabar","Kunjungan Kerja","DPRD Jabar / Pimpinan","Jawa Barat / Terkait","Sat, 06 Sep 2025 07:00:00 GMT","IDN Times Jabar","https://news.google.com/rss/articles/CBMiwAFBVV95cUxNVEVjLWRzek1HQUdQMElWNXNYVW9kbVlLNmZFNHBwVmpzcnNBN0twQmFXRmNzZFc1ZkJkZGU0UThrMWFYNlVzWGN5SXduR2hFcGpTWFpsMmJ4emlyR3NJTGhlYVRWYllRTU1zb1h5UUFxSktYcTNNOEF5Wnc4Q2RyRUVrOXQ3QjJLamdWaWYzeVpiYVJ1S1M5YV82U3oxaG5TcnlRWlB0REctay1yNC1KOV9ZT21Bbm9wdDY0Q2x6Wl_SAcYBQVVfeXFMT1FzMXFqWUNQeE94RWJ0SUllUjJ0RnVlSUgyNnlWV1JvNjFwcFMtVkxkUGVnZ1d6OHBnWDNIYjI4eWtMdDFYS1VrbGRkcTJ1Qy1fdHVRUlhQc05yMzFYbHlFTGFROERXRXo4UUJkNVBBTTFNdFhNclFYX2xRc2t1aTY2YnBqUXpneDdCcWtHb2VzZXNPblRxM0dhY182ZUlHVmRfczJVMHIyU0I3OG01eXBEQnBLT1JiN2NMdjVOZW1HRUE0WFdn?oc=5"
"PD-076","Dedi Mulyadi Tegas Jangan Ada Silpa! Efisiensi Anggaran Jabar 200 M, Perjalanan Dinas 74 Juta - MediaAksara.id","Perjalanan Dinas","DPRD Jabar / Pimpinan","Jawa Barat / Terkait","Thu, 11 Sep 2025 07:00:00 GMT","MediaAksara.id","https://news.google.com/rss/articles/CBMitgFBVV95cUxPaVlwSnZFaTNRWk9fdmpORldnRDUzajRVUkpBQjIwYnFkVHF6eVZPaHhNLTk0Ni1JRFhsZnZMTUk2TFNVTHRDZHBFXzlRMWF4OHhza2pLc0pyZHJHQXFjQTJkcjY4UVI5ZWNYUDQ3aHdMRkw2eUhRUmo5NWpkWWVLTEY0XzRxZExIMEVycTVuWThzTDhTMXFTOC1TUnhHekFQbDh1a1hKdXB4d2RRN2tQYldKazZhQQ?oc=5"
"PD-077","Deret Tuntutan Demo Mahasiswa di Bandung - CNN Indonesia","Kunjungan Kerja","DPRD Jabar / Pimpinan","Bandung","Mon, 15 Jun 2026 07:00:00 GMT","CNN Indonesia","https://news.google.com/rss/articles/CBMipwFBVV95cUxNcFpzeDlvV1BDYXZURzJybnJaaFNLTGIyaURnU1oxd1lOYVBEbUhWUmxBMW0xbjBaN0ZFdF85WVRIZUpHZ2dQMkZCdGNaYTlWMGxSVG1ucC10RnMyZTg5LUlQQTR6NURwaExYVlg0ODRBc2JQR2xnRjN0ZDJ1V0VlaDVVOWE5djB4QXRqVnBwTV9RdWwwRHloemozelVyRlZRMUgxMldISdIBrAFBVV95cUxQSWEtTngzMVlLWHlscVc0X0dacnFyS3RLZ05admJzcFVGLWZqVXZMTjZuclUwRG5jM1hEb0l6LXJFTXVPZE9uZ1BXYW54QVpLMjU0RjBqOHlPTlBGZVFHNjJSMTdaY1c0Um9PUkZ5cHVrRHVNTTFhRE9BZ1FybHJnLTdXdzZYaGNLUFFRcHF4YngwdHEzbEhHQnBNZ2JBRXJzaWJTNlZLY3JfbkFf?oc=5"
"PD-078","Arahan Mendagri Tito Karnavian untuk Evaluasi Tunjangan DPRD - JambiLINK.id","Kunjungan Kerja","DPRD Jabar / Pimpinan","Jawa Barat / Terkait","Mon, 15 Sep 2025 07:00:00 GMT","JambiLINK.id","https://news.google.com/rss/articles/CBMilgFBVV95cUxOZXdSSmoyMkd1YnoxLVJKcDdGZXdyM0cxcDVKcDdhT1hXdXZmS1JTcDdtMjlZbzNoemxXQ0RsOXJVdnBsbllEY0JLTjNfYmpEaXJmdkhuTV9YejNHOXRsZGFFd1Bna05tdlV0RWFIamc0clJTSVFuaDVDVmpaakxhWmU1cjlkbHh3cC1CUW1BOEFzallRUXc?oc=5"
"PD-079","Soal Tunjangan Dewan, Ketua DPRD Bandung Barat: Kami Ikuti Aturan di Atas - Kompas.com","Kunjungan Kerja","DPRD Jabar / Pimpinan","Bandung, Bandung Barat","Mon, 01 Sep 2025 07:00:00 GMT","Kompas.com","https://news.google.com/rss/articles/CBMiwgFBVV95cUxOVDhZZ0NtTkxVMnlDQ293VzUyWjFjNTZoaFFpUkJva0VTeEZncmw2QnppMXdmMWo5a1FJejV0Vm0tc25ycS1ab1hHRHNrZEdVZWcxVm13ZUdtYnc3cTM4dE15TzFtR2dBVVZyUkkxQ2V5d0l5U081NGF1RS1PQkZJbDRDVUtpYlRjVmhXMmpwaWFnejd4c2U1a2o1NzFKNEtabEYzd3Y4UUx2M0xwTjZqZ2VlNF83bzJTaDdUMFNKaVBUUQ?oc=5"
"PD-080","DPRD Jabar Kejar Izin SMK IDN Boarding School, Ini Alasannya - detikcom","Kunjungan Kerja","DPRD Jabar / Pimpinan","Jawa Barat / Terkait","Mon, 06 Apr 2026 07:00:00 GMT","detikcom","https://news.google.com/rss/articles/CBMipwFBVV95cUxOWlFINjlrQ0Z2dEF2MG14d3pSbmNTeFZyZlhFLVlmSThVNEl3bHQ2dDM1N3M4a1E5R0ZnTU9Qa3k5SEQyZXFBcGRZSm80TGYwNk8wNndkcHdTVWF5OW8tUGI0ajNrbjA1eHdpRlZ3Y0VOZXlZSGJMa1Z0X2w2b0tXOUZZZ1hVRUgtd3VWYVZnVVIteDkySEZqcGNvVS02MUVaODVKYWtiRdIBrAFBVV95cUxQbW02S3loNUQ1dUpsQWIzMWRhdXZRN3JuWnViaUZQU1RLSXFqTGJ2cE81RC1BelZjUXc4eUpjSGtCYWhuaWlPSGR1Tl9hV3F3WktzT2lnNlZLdkJIN2pmWEpHZGJXaUt3V1U4My1lbkhWVHI0TmhvZ0c3VUU3dzZmZ0Z5eTB3eW9vb2Y3TFhLbk9acHRVSElYV0cwT1lJYUtBWDBiWlp0UktHMldL?oc=5"
"PD-081","Publik Desak BPK, KPK, Kejati Jabar Audit Anggaran Publikasi DPRD Cirebon Rp3,1 Miliar TA 2026 - SERGAP","Kunjungan Kerja","DPRD Jabar / Pimpinan","Cirebon","Wed, 19 Aug 2026 05:54:13 GMT","SERGAP","https://news.google.com/rss/articles/CBMiwgFBVV95cUxPVGdXX3gyOFd0NEphanZiN0NMUVUtV1piUkJUcFpCeElIdTZ0SndPVmxGTmJMRTJDZ3E4MkJXcDhFZ05QYjZSaVdzZ25TVjNsSGNOTGs2NjBjekU3SGQyNUZyYzNKZXJnTlE3M1I1d0hVelFBLWt0bkEyN09WUE1pUlVpQTQzLTlONm11bDBMa0g4dWxJWjNZWTNWZjJYMlZqamwyMnFuZ3VOZ1o0TlF5WUpzOEZJQnV0YzNMSGpPSEFrZw?oc=5"
"PD-082","Audit BPK RI 2026 Temukan Masalah SPPD di Sekretariat DPRD Tanjab Timur, Perjalanan Dinas Berjalan, Nota Hotel ""Dimanipulasi"" - JambiLINK.id","Perjalanan Dinas","DPRD Jabar / Pimpinan","Jawa Barat / Terkait","Fri, 10 Jul 2026 07:00:00 GMT","JambiLINK.id","https://news.google.com/rss/articles/CBMiuwFBVV95cUxPZDRqNTFiRXo5bFBwUS1aZ2NnZEh0Z2tOU095bTgxYjQ0MVpqT2ZiSy1FR01ldVN6ZzVwQm1aODRER3p5VlRvZWV5ZGhhVzJ3NjBiSk9XNDlHUEVXWUZUeDNaVlhmZjJUSW9wQ1ZoMEpTbEhrRWVPc0x0cEhJaUJoelRkbU1tckI2QkRDbG9fbFh2NHBWeWdQS0RYVDQ1Ty1pNnJqSUJyeEYtNXBYV3E2TkNpQWQ2MGdrZF9v?oc=5"
"PD-083","Dedi Mulyadi Akan Pangkas Dinas dan Biro, BUMD Disatukan dalam Holding Sangga Buana - Kompas.com","Kunjungan Kerja","DPRD Jabar / Pimpinan","Jawa Barat / Terkait","Fri, 21 Aug 2026 02:20:00 GMT","Kompas.com","https://news.google.com/rss/articles/CBMiyAFBVV95cUxNcE1TdGZpdERrTnJZZVQ3TllKWk9wVXVMSnVIYWZPc2REQjUwaHFWWHo4TkE3N3R5OUdCTkhSUjBrUTlYV1k1elNHWlpWQWVwYUtxQ2VJZFVNQjNCRFdTSk5La1lTa210cmNVZy1qc292RzQweTZYdjlHMWd4V3RjU01lVXlpMVkzOFJBUWg0Z290dzhrZ09NWTZmQ3FlMkIwMlJUZHhCZUxyOU10Mk1yUldySkF4WnlCRGxNdVRySUQzdzVITWRqWQ?oc=5"
"PD-084","Jabar Mau Utang Rp 3,4 T, DPRD: Belanja Tak Prioritas Harus Dipangkas - detikcom","Kunjungan Kerja","DPRD Jabar / Pimpinan","Jawa Barat / Terkait","Mon, 10 Aug 2026 08:37:55 GMT","detikcom","https://news.google.com/rss/articles/CBMisgFBVV95cUxPcUZDTER5RlN4SVdzSFFMU28xOUxUVTN2Z0RMSDhKaVhldFJFNWY1MEdJc0N1eGd0djdOQW85VGhUM0QwMDBlUzZMQlg2QmFFblpnWmNnQmF2VWtocU0tZzNWaE5semw4S1NweFJpemV5clE2cnlLTXdFSHk3bWh5Tk1iQ1FzMHVOd2NwTjVvZkoxUDQ4eTRNTlFpRlF3ZlI5ME1sZW5UWTZkTnFXUktmbEJ30gG3AUFVX3lxTE41WDlVLUJRdExxRTV1Y3NGTlBva0psai1sSllqdzZuS21KcC0zYnd1NVFWZXAzNW1ZZkVsbWhZODYyMDBFckFfUUNoUDBGR3JpanF6Z1B5c2NJRjRYRm9MSXhqUERlRURCYXdKT1FnQXdEaFItM3daVlhMMFZPS0dwYjkxWlBWNlFqa3RycWJ4d1J2NkxXRHFqT1RHM19oU0NJSF9rSzVFOXdOLWFldFBjdXVVNGR1SQ?oc=5"
"PD-085","Penjelasan Sekwan soal Gaji dan Tunjangan Anggota DPRD Kota Bandung - detikcom","Kunjungan Kerja","DPRD Jabar / Pimpinan","Bandung","Wed, 10 Sep 2025 07:00:00 GMT","detikcom","https://news.google.com/rss/articles/CBMisgFBVV95cUxNSlJWQjh5NFVvQzJLNmVoU2FYbk5Gc0s5VVE0a29iQ1ZQUWV5XzVRLTVsRTlYdmVZbm42ZTdmYnVJR2NBWEhDSVdfNFZlclR3Vm91QTlOc01CaFY2U01PbjhNSUVwX1FRQnVkS3lCOVJxbDRMckZ4eGxQVDR6VkhPMTVYcjRsTlYxV25oVnNENmZkb2RnNDRadEkyOXplMngyTG1ZZzdtdThPTzljQVBxbkJn0gG3AUFVX3lxTE5jZFVXMldrNUNFUGoyRjRmRjhWYlZfU0ttZzhYMF91TUYyZDlYWUNTc1poMGduUF9uNkdBWjBHYlkybml3WUkybnJXMGdRNzA0REd5RG5FRXcxQ0toVllFMEZoTlVCbmhVSnd2c2ZPc3pMTVRjRFJ6Qi11MzhkdUs2di1ncFJWT3k3SUZsZ1c0UGY3R3IxQ2pFR0Q0MmYzQlFTY0k1bFdvVzRObjZ5MTUxUjNTUmFpTQ?oc=5"
"PD-086","2 Kader Golkar di DPRD Riau Adu Fisik, Waketum: Memalukan!!! - JPNN.com","Kunjungan Kerja","DPRD Jabar / Pimpinan","Jawa Barat / Terkait","Fri, 17 Jul 2026 07:00:00 GMT","JPNN.com","https://news.google.com/rss/articles/CBMiiAFBVV95cUxOMG5kSC1pWXVDeERqU2VLNkVMN09JbC1BeUU4dnVRWlItbnJhRDFtMEtOOXFEcHNIa0JkeTQwalhKRG0zZXEwVURGUWlycVdkT2V2NGZyTDNsQTBXTFhsQ3E5eEgzYWdrYld1N2xxSExpd014SVFWTk4tYzYtNjFSbUVSV3E5Qnc20gGLAUFVX3lxTE82UFFlaXhZMlMzckVEYUhjVzlZTEd6c0JacTFXMC1aWkRGeDJNTGdSYUk1dXpqLXgxTmx4b1ZJNGpQRGhVZzZwNVI5ankyNlJXX0pkZmpHUUpxSld3allXRUxZYUd1QWhTSWg0d3JxV0dvdk13V0UxN19Xa2JFd0JhWXJnWi1qaVNuNzA?oc=5"
"PD-087","Kerusakan Akibat Demo Anarkis di Bandung Ditaksir Capai Rp10 Miliar - Inilah.com","Kunjungan Kerja","DPRD Jabar / Pimpinan","Bandung","Mon, 01 Sep 2025 07:00:00 GMT","Inilah.com","https://news.google.com/rss/articles/CBMilAFBVV95cUxPRmlDRmd4ZThkWjJRQV85Tm8yUGY3b3lmMkFkQlN3LUNQejdQT1d3eE81OTV1cDMxS2RtVl9rc0ZIZjVUMzhfOGpkd0F0cW1XWER4Q2V5RUpvVFEtZTgyeFQ2blh6NnpZVEs0QWFVMVAxZUVhRWxzd1B2akxHbXFwVXlrUHhjNGVkZjVILWdNdTZUMEgt?oc=5"
"PD-088","Leony Bongkar Anggaran Tangsel, Perbaikan Jalan Rp 731 Juta, Perjalanan Dinas Rp 117 Miliar - Kompas.com","Perjalanan Dinas","DPRD Jabar / Pimpinan","Jawa Barat / Terkait","Sat, 20 Sep 2025 07:00:00 GMT","Kompas.com","https://news.google.com/rss/articles/CBMiyAFBVV95cUxNeVI1eVdPRkFmVWxBVmY0TEFIZnlkaDd1MktFTldmSFVweFNmQUhvc1pTUFhQQzY1aEpTZ3lTTlhWdkhHTW42Sm9Lc2RQTldFU0ZoRGdJNmpyMFFFZGxoNzdtcnpTWVBhT0dkZXQ4WktGX1NTMkFrOWZFZUZGNWotb0RPVW9ERW5BYjV1NkQzVlh2SlBqN3dMTzlQYkJFeWM1aE9xOUc3My16VEdTaVlhbUlVWGhHSXdUVkhqblNRdnZza1dKb2F4eg?oc=5"
"PD-089","Di Tengah Efisiensi, Rp4,31 M Mengalir untuk Biaya Penginapan DPRD Kabupaten Cirebon - Bisnis.com","Kunjungan Kerja","DPRD Jabar / Pimpinan","Cirebon","Wed, 15 Apr 2026 07:00:00 GMT","Bisnis.com","https://news.google.com/rss/articles/CBMi0AFBVV95cUxOd3JTaF9sd0NrTDRLWXBzQ2VtRzg1NjZWckFpM0tMV1hCcjAwVjJpbXFaVVRmU0swRkM3UzkyUjJ2Mm5sa283c2lzbl9FOUllcEZ6OWc0bUJKVksxWDRGUmg3YjlDMmZJUFBCLUlLaVlYd0tqNkI0Zm1YeXhkMU90NzFyRDI1dW9DMVV0ekFGY2Q4aXU3MW5IZ2JPQ3FZV3hZWThCaV93X3lOaXBGN3JOY1RRcE45MHVpaDU0NG9tSXIxWkVLWXB6SGFUYVFwSFAw?oc=5"
"PD-090","APBD Jabar 2026 Disahkan Rp 28,4 Triliun, Pendidikan dan Infrastruktur Jadi Prioritas Alokasi Anggaran - Pikiran Rakyat Koran","Kunjungan Kerja","DPRD Jabar / Pimpinan","Jawa Barat / Terkait","Mon, 03 Nov 2025 08:00:00 GMT","Pikiran Rakyat Koran","https://news.google.com/rss/articles/CBMi8gFBVV95cUxOSU4zcUh0bl8xU2todDhJclVrZ05idm00aW1aLXA1ek4xV01Tb2RtN3pmN3k0ZnBPQTZ0WHlmVDZ0UDd6M2k4ZXlOYXdDWHpaLWpaNXloSEI3QVI4TTVPN1ZNdWJmMnQ2Y0t6WGF3WDdaX1NvUnI2ZWxpWEhMUEV0amJyeG1ibWNZRkg5dWx1X0RiZktvYnNjeFd3RnA2M1YxMHQwa3NZY1otNmJSM1V4a1pkc1dudnVzcEp5cEZER1VpcmNJSHhpaURudXNGTklqVUdDN3lHMUdSM0Q3cFpMYzYySVZsWk84NlE5R1Q4bmJPZw?oc=5"
"PD-091","Terkuak! Gaji dan Tunjangan DPRD KBB Naik 15%, Bisa Capai Rp90 Juta? - Bandung Kita","Kunjungan Kerja","DPRD Jabar / Pimpinan","Bandung","Mon, 15 Sep 2025 07:00:00 GMT","Bandung Kita","https://news.google.com/rss/articles/CBMioAFBVV95cUxQMHhXc0RXS0QtU1ZNRUVXLThoTnRTZEMtRmN2SEFqV2JaUm9HUDNIV25vMUoza1VhWktmekg0bk51MUd3VWdGTE5mNGRMWFQ5amlSTklockZ3cHJ5YTNpV2dsemg2bHpiN2hSU19jcFdsb3E4QVplMHVJU1R3TnRVZm9IMmRFTDdMM25LNTNNQzNOdTdneEg2OThjdnVxWWs00gGgAUFVX3lxTFAweFdzRFdLRC1TVk1FRVctOGhOdFNkQy1GY3ZIQWpXYlpSb0dQM0hXbm8xSjNrVWFaS2Z6SDRuTnUxR3dVZ0ZMTmY0ZExYVDlqaVJOSWhyRndwcnlhM2lXZ2x6aDZsemI3aFJTX2NwV2xvcThBWmUwdUlTVHdOdFVmb0gyZEVMN0wzbks1M01DM051N2d4SDY5OGN2dXFZazQ?oc=5"
"PD-092","Anggaran Publikasi DPRD Kabupaten Cirebon Disorot, Aktivis Desak Audit - Pojok Jabar","Kunjungan Kerja","DPRD Jabar / Pimpinan","Cirebon","Wed, 19 Aug 2026 12:17:00 GMT","Pojok Jabar","https://news.google.com/rss/articles/CBMitwFBVV95cUxPSWxMOWFxLWg4bzJTdnRCelFqdUc3aGNSNVBfaW9JNTd3dC1jSHVjRm9lZHE1d3lRN3dual95b3d3UWd4d2s4YVl0eGdvWVEtVzkyaTFQU2R1SlVSb0ZGbjVseDd0RjJYcWNZZWxPYlp4bnFEMkpidEJSdG5JaEFfWldlSjloMlpYbkJkNVlaZWROUTZ0dDV2OHFVMHV1WU9TRmNuT0FvelhkZlVQVlRGRDlhOEpKQ28?oc=5"
"PD-093","Ribuan Mahasiswa Demo di DPRD Lhokseumawe Suarakan 8 Tuntutan Mendesak - Kompas.com","Kunjungan Kerja","DPRD Jabar / Pimpinan","Jawa Barat / Terkait","Mon, 01 Sep 2025 07:00:00 GMT","Kompas.com","https://news.google.com/rss/articles/CBMiwgFBVV95cUxNTDZlT0dqQ1E1ejZmVUlVUEZRakRNbkJFRFZmcWRmZ0pBbS1uRkJFOWd2RnkwUjh6TGhWWi05Y1hPQzJfV2pxaC1oWHJrUERsNmJUZ0hmSjlmVVhHNkJidzdlQjhnc1ZjMVdlQ3BUY0ljalZfS0lXUFBxSkpjWWNLOHB2bzFGWGo4UDR3OXA5a0ZzNnRWWnVxX1NSa3JpeGFCY3FqVW1zWTJZbWR1VEJYLWExeGZaQ0l5Y3V1RzVOaXhWZw?oc=5"
"PD-094","Rp4,31 Miliar, Biaya Penginapan DPRD Kabupaten Cirebon Setara Premi 10.261 Peserta BPJS PBI - Bisnis.com","Kunjungan Kerja","DPRD Jabar / Pimpinan","Cirebon","Thu, 16 Apr 2026 07:00:00 GMT","Bisnis.com","https://news.google.com/rss/articles/CBMi2AFBVV95cUxPMG8zR2RtbmNXVXJDT2w4TW9hZnowcUh3cTdPWUE2MVNQbG5xeTVrdlhyQXNfeUdiQ3dsUnhFdGlWbUpxWFY3LVk3Y2xqOWFwRWM5S0tRNk9sbkVXX3RDb1dRS3dIZ0xiaDdKdHVaOGdLNWRNVk02NjlEQU8zN1oydVdPWlZ0OXQ1UXJxMjFUVkZVSGU4b2ZBZUkxVGhUNFpCWjBLOWhxNGtNU2lXekRsS2h0ZHFBeml2NGNSczE3U19iaW5rMjZCQ085U3MySXpRN24zT0M4ckY?oc=5"
"PD-095","Pemkot Cimahi Terapkan Efisiensi Ekstrem Imbas Pemangkasan TKD Rp238 Miliar, Potong Belanja Hingga 50% - Pikiran Rakyat Koran","Kunjungan Kerja","DPRD Jabar / Pimpinan","Cimahi","Thu, 16 Oct 2025 07:00:00 GMT","Pikiran Rakyat Koran","https://news.google.com/rss/articles/CBMi8gFBVV95cUxOd1RsWUZEQThLSDJKZXFYeDNBTnBHNGIxUjROMmsyMDdRXy16MVlUMFQzVGotdjExY1VjbWhKVGd0S2wwSWVreHU5bEpPQzhDdGFWSDNFdmd0bTBZN3pxeG5jVFlCX2hPVUg5T3F3d1J2UzctaWVWcFNwZzgtUktfSkJ2ODVZRnBpTWVBU2IwSnhFRFhYLTdVQ3B0STBfS21NejRlTmlhX3NKTVhPbk5KSHNjY3Q3a3dyR0NYb1A3RE5mMGdYQ3NNNGhjRUhxNmhrdTJNR25EMmszM2ZYYThURGlTLU1tRVBRMFdZd2ZncXhZQQ?oc=5"
"PD-096","Perkara Dugaan Korupsi Perjalanan Dinas DPRD Tanggamus Mandek, Kejati Lampung Belum Tetapkan Tersangka - radarlampung.disway.id - Radar Lampung","Perjalanan Dinas","DPRD Jabar / Pimpinan","Jawa Barat / Terkait","Mon, 09 Mar 2026 07:00:00 GMT","Radar Lampung","https://news.google.com/rss/articles/CBMi8AFBVV95cUxOQ0J4UjNSeE1XNHpoakJvb3VZOHhpWkl6WmF0TGRjdzFHanBJYTZ1NW9mSXdxdi1pU01fN0hyUHU5ZzduVGxQV1BmM0U5aFd1cWl0ZVI5UlExRW1KaFlqN0Q2SVR1anN6d0tvMmFZV3dQU19VSzBSVHB1ZThqeExOeTlmTFJKczZJaTAwdmNkdFA5SzJvOTFXcnhPYnNPM05OZmFLTzYyLTc3Z1Q1Q3d5UmI4ZHVTMkRnaE4wNzVpVGhfOFctdmI4NTNJQkRSREtmNm9vTG1pcnRfTHFtVHZnUFBlS2RCa2ZMY2hxNXFOb23SAdsBQVVfeXFMTkxGd2d0aVl3Nm5NLWlfb1dPVjJhNHY4Ty1JQ21idy03R3duOXRxVHlYOWJkNEVIak8xOGpQYm1UV3U2aG1iYWlwN0hGUmZ6bDBxSTE1MVhyQ0ZOOXlCOEtBSWtKSjJ0Zm1fcXNhQnR1MXJ3M0pSWGRseG5NWER1T3RtQ1lyUXRKSFRVTHllb0cyTG05dmlHQjh5Zzk5R0ZQSEFGbXFjVklsRnI5Y1gzb3FFcHBxU0c0RWtMWTVHNzgzaG4zQ1hJWC1nRHZsRXY2MzVDUjdYbXk3RFhr?oc=5"
"PD-097","Kunker Disnakertrans Karawang ke Bali Berbuntut Panjang, Dua Alainsi Mahasiswa Tuntut Buka-bukaan Soal Anggaran dan Output Kegiatan - Karawangpos","Kunjungan Kerja","DPRD Jabar / Pimpinan","Karawang, Bali","Thu, 06 Nov 2025 08:00:00 GMT","Karawangpos","https://news.google.com/rss/articles/CBMi-gFBVV95cUxOcHQtMGZiUFdxaUFFelhQaWdCZUFCXy1mZU9xTEJsaFhmT0tfOGIyc2x6R1Bjak9LUVg3ODJwNndlZEkxWmxiZkttNEY3YXVEOFFjVWJaRkg1RVp4eHVyZURLN0Utd09pV1JvVW5VbW1NYXNSaU90RkhzaEhMY2hIbGtxY25XYWpWczNTYW1FZkhBVG5pejhlM0FBcEE5NDZFdW5admFQeXQxR1ZyOXhWbTNqbE5vVFVMVVhGZE9aOWROQlhTTmFseDc3QTcxZ25jZXgyYjZ4WWtUWHJIUG00LU1BdElYUWhFQ2pMM0lPa0c2bkRNWnJPZFl3?oc=5"
"PD-098","Efisiensi Anggaran Daerah, Dedi Mulyadi Bakal Merampingkan Sejumlah OPD Jadi Satu - Harapan Rakyat","Kunjungan Kerja","DPRD Jabar / Pimpinan","Jawa Barat / Terkait","Thu, 20 Aug 2026 07:49:27 GMT","Harapan Rakyat","https://news.google.com/rss/articles/CBMiuwFBVV95cUxPV3o1WjlUTlNZelFFX0Q3UUNDNGdRZ0NHXzZnTXNCOXN3U0hUcXVhTFJxMkZNUzF6cEt3VmJjeWt6LVlNMU9tam9rcFBCVnpZcmZ1a1JBMW94cHVDQkk3RkhPMHlyelBPMk1Ub2d1a0pnUUN4RUVFbEhBeE5XbHhVMnQ2c3ZMX0xPU3RiaGVubnpoeHNXUHBaY2JkcTBZNld2b2tidlVqN0Nva09iX0wyX3d5WGZnUGtkbkVZ?oc=5"
"PD-099","Pencarian: WA 0821 1305 0400 Adefa Vendor Jual Geomembrane Konstruksi Jalan Wilayah Maluku Tenggara Maluku - ketik.com","Kunjungan Kerja","DPRD Jabar / Pimpinan","Jawa Barat / Terkait","Tue, 28 Jul 2026 09:40:48 GMT","ketik.com","https://news.google.com/rss/articles/CBMi2gFBVV95cUxOWVBTNU9wQ1lZYmNMV0FMQlEwUHFUVmhRQVdDbjhPREVRajZYc250Vm5temQ4cTdCTk5kLTFYVlhuVlA4RU9NTzdEYW05UlBDb1Nsb29hVDFMTUFWVkp6MzdlOC1tMEZwdUwzaFFKUDlxa0dsNXRBdWs4Ymo3QjZCVnR2TEVPSXhrNEJTVElFNTlYbnc2dk1KT19UMWhmZEdBcHVIMkp5M2lvUnhlT3FpRVFQeGxSYTY2Z0RtSmkzaTVTRnVsODF4SWpCMHFNY3l1VUQyNDZPTmM2UQ?oc=5"
"PD-100","Bill Fiktif Hotel Jakarta jadi Kunci Korupsi Perjalanan Dinas Anggota DPRD SBB - RRI.co.id","Perjalanan Dinas","DPRD Jabar / Pimpinan","Jakarta","Tue, 30 Jun 2026 07:00:00 GMT","RRI.co.id","https://news.google.com/rss/articles/CBMivwFBVV95cUxQOWxPWVBWQU5DU1c0OW5VaTNFZS1UWTB4d0xlclRSclVTdnl0Ry1QTEFKR25QRmNNZWtQaTJCWDRvZTNkaFBKMERJdmRCU2hoZTN2RFVKaVJKQUFwcS0tU2ExLWFlRlg0dm5zbHhQaG9FSHBhbXRnb25qVXYzeVNjVmdRajNhTFBmeGFodHBPeGRtU21hTWUtQUNOQUN5N1liQUx2QnU1MUl2dTBVQ3F4WnVTVGhySzdzX2Q4UHpfNA?oc=5"
"PD-101","Maklumi Pinjaman Rp3,4 Triliun ke SMI, Iswara: Tuntaskan Infrastruktur - inilahkoran.id","Kunjungan Kerja","DPRD Jabar / Pimpinan","Jawa Barat / Terkait","Wed, 05 Aug 2026 07:00:00 GMT","inilahkoran.id","https://news.google.com/rss/articles/CBMihAFBVV95cUxNN1BtYkVMSnY5c2NTeW1QdTlMZ3hxSGpDVHB4TEp1blBQTFowd3hadk8wZnhOYkFDWGRSSk1oWlRPVk56eG1tN2FxN1lZX1R0cVRqZGNGNmRIc1BobjF3aEtzZXlFRUhvY1Rpdi1USGZMX3didDJEazVNWDdEZ08wTEFsdVQ?oc=5"
"PD-102","Update LKPJ Jabar 2025: DPRD Akomodasi Gaya KDM dalam RPJMD - Pikiran-Rakyat.com","Kunjungan Kerja","DPRD Jabar / Pimpinan","Jawa Barat / Terkait","Thu, 09 Apr 2026 07:00:00 GMT","Pikiran-Rakyat.com","https://news.google.com/rss/articles/CBMirAFBVV95cUxPUjY1VURkXzZNTGdNRTJPOThLMkkyUFVmcVpUbjJheDdSeWNjdTBEaVBBSVpnbXFqWVBRYjlyMi15ZloyWnJyV0R1UzhKMHRaY29iMmY3ZGd4ZFJuWW1YVWZzS0J6YW5vanNYMkE1eERhdnNNQXBIZXNrcHpvUllvS3NOMWZ6YlBkeUY5LWRNVjJnMktBR0FyX3drWGI1T1JYNjhzekNuc3FqOU1a?oc=5"
"PD-103","Jalan-Jalan DPRD KBB Rp48,25 Miliar, Efisiensi Cuma Wacana? - Pikiran Rakyat Jabar - Pikiran Rakyat Jabar","Kunjungan Kerja","DPRD Jabar / Pimpinan","Jawa Barat / Terkait","Thu, 20 Aug 2026 12:09:50 GMT","Pikiran Rakyat Jabar","https://news.google.com/rss/articles/CBMiwgFBVV95cUxNSVRkMVY4TGNGN3Bud3I2Tk13eXhFdlpsRHhDcnMyNldXUmdoQWs4Y0ZuMFZoTlFkczRrWEZ1VVZ3Q043YVRUWXdtNjlEa2MwbnVJand1Q0FYVHF1ZUduM0l0d1dUS0o4c3lEaU9WYTlKMU1lM1dsZzB1SEhET0pYSW9DQnpLeTlTTy15emZTOXpRcG40Y0JnckY1eDRoV3ZHWG1Gbi0tS3dlb2NSbzVqamlXVnl2dFlfaDZYd0U5S2g2QdIBuwFBVV95cUxQYnNjd1R2R0xVWDdtTS1MOXdkTEs2azltVVQtYWlNb0FwMTlMU1JaU2xxQUtjY0VNYy1vRnNIWi1ydk9Ua1pMZW1xV25KM2tSM1dpaXY3ZUdHMFJXWjVCZHowc2NDLXpPcHRUZXA4bFBWVXMwOUlySi0tekNTUTg5eG5nc0xZYV9mTWduNFJpdS1XY0V6ZnB5YmZoUmtKN3JtVFFEckszYjFnRkZIMTllXy1IejY3b0dodGRr?oc=5"
"PD-104","Profil Wakil Ketua DPRD Jabar MQ Iswara - Halaman 4 - Tribunnews.com","Kunjungan Kerja","DPRD Jabar / Pimpinan","Jawa Barat / Terkait","Wed, 10 Sep 2025 07:00:00 GMT","Tribunnews.com","https://news.google.com/rss/articles/CBMi0gFBVV95cUxNczQ3ZFNTaHNhMmp6QWN3LTlSZkRBMGNWdzBjUVhySzN1RVlZSVcweVRoU3BHRWFLM1JyTUVmQjJDdlV2NjJwdjAwa1ZnSkVvN2xsbkY4VnphTDJUSC1femlnZU9ZbHpaeUZKWXNvdlJmYVV3WFJiMlhNWk43UWRIdWEtdVk4Y3JnVFVIR2loeC0wck9DVGh2dnpyQXViM1ZrdEQxZjl6cDYtazdHZHU2VFVSS19HV0gwZXo4OEdwbF83OGdOMk5HZnpkVlZ2X2VsZFE?oc=5"
"PD-105","Menata Ulang Birokrasi Jabar: Pangkas Beban Tambah Layanan - inilahkoran.id","Kunjungan Kerja","DPRD Jabar / Pimpinan","Jawa Barat / Terkait","Thu, 20 Aug 2026 23:00:54 GMT","inilahkoran.id","https://news.google.com/rss/articles/CBMijAFBVV95cUxNWkZnVVpoVk9qWHZmMkRXd05DWTc5LVVzSUJyWTVlSWpzc1RvMHVqRTZCZ21pY3JOMUxZWU5uektXZjlhc3FuQnA1T0tNTXowcDR3cUtkRlkyelBGcFJnT0t1WUZueHcyXzBKa2JXNDAtUXl1djRXRUY1TWRiZEpORDloZDBWdlhUSG8zVw?oc=5"
"PD-106","Tunjangan Fantastis DPRD Karawang, Sekretariat: Sudah sesuai Aturan - BeritaSatu.com","Kunjungan Kerja","DPRD Jabar / Pimpinan","Karawang","Tue, 16 Sep 2025 07:00:00 GMT","BeritaSatu.com","https://news.google.com/rss/articles/CBMiqgFBVV95cUxOX0d6WUpZeFZsWndodWFobWQ4RTkwdThCS0dxUmZjR01SdElINWkxWlBxemVfeExLRnVNUmVaTW1ROXlENkpjY2NtU0JZZjVOaHJPVTl4UGRfZnlBaG0xUGEyTktkWVJCN0d1X2l1RF9Nc1I4QkhlaUNNU3I3QkhQT2IxRFJhb1VsUXRUd3V4SGh1VWVzbV9Jbk9tdDBDelI5bGlxaUYzdU1UQQ?oc=5"
"PD-107","Terbaru! Korupsi SPPD Fiktif DPRD SBB Naik Penyidikan - RRI.co.id","Kunjungan Kerja","DPRD Jabar / Pimpinan","Jawa Barat / Terkait","Mon, 18 May 2026 07:00:00 GMT","RRI.co.id","https://news.google.com/rss/articles/CBMinAFBVV95cUxPNUswYnVqaUFkS2FuSktudHRocWJtcFI2aUhzNXBVRy1LYWRKSF8wa3g2R1ZvQzU5X2cybk9NTnBIX2M5T1RZM2pNRGZ4dElUV010YTFYOHRxLXRHLVNDcG45eUcxUnVhbU44aFpaMjM0amREdkowT1dFZl81cGFxcDB1dE43Zi04STVJWGUxbFJxb3pxRXhyMjQyMkc?oc=5"
"PD-108","Jabar Tunda Pinjaman Rp3,4 Triliun, Dedi Mulyadi: Tunggu Dana Bagi Hasil Pusat - Warta Ekonomi","Kunjungan Kerja","DPRD Jabar / Pimpinan","Jawa Barat / Terkait","Fri, 07 Aug 2026 15:00:00 GMT","Warta Ekonomi","https://news.google.com/rss/articles/CBMiswFBVV95cUxPRmlKMHJ4TTg0U2RSTUx6WkRDaWNyTHNrNmJHQnVxRmxQNmxnVkJKaUFScUk1Z0RhRnhRQVdtU2x3Y1d5bDVEdmw1UWlEOTFZYkV5RlVYSy1CQWhCV0w2RnVCWTFyQV93SWNtRlFmbTB6NDZ3c3NyUVhoNjAxNUlMdnZ6QXFINWxfUFZWVkx4V1RHWld5dU9WZWFtd3h1al9Nekg2NnFfSUF3ckJ2M25iQVVCd9IBuAFBVV95cUxPWW9vLWlXV19iUkx5R1Y1LUxjekdPNDQ1NjF4RnFrVFNvUDV4LUQ1X1RFM1c3VlF1SXFWSWFqV0h3MzFGdHBMbWxhZ0hsMUxHcDdBajN3ZEItY2xxbHR3YzhjamRqREV1ZUYyRUZRTGJLaXB6TU1MbFAwcFlBZXk5U3YzVWZvS1NqeE5UTzltdWxoUHdiMjN4czlpVVFTNTctVi1YRkw2UnU0b3UzajVWTW4tZUdPVUhq?oc=5"
"PD-109","Pemprov Jabar Cabut Izin SMK IDN Bogor, DPRD Minta Disdik Jamin Pedidikan Siswa - Pikiran-Rakyat.com","Kunjungan Kerja","DPRD Jabar / Pimpinan","Bogor","Wed, 11 Mar 2026 07:00:00 GMT","Pikiran-Rakyat.com","https://news.google.com/rss/articles/CBMixwFBVV95cUxPUFJOZ1hNOXlEVVlxNERhWURYUG5JUzNPVWkzaXBwSlFGZmhxajd0VXlONUYxTjM3VEx0RmhiTDFPSmFUMDQ2VXVDekljUHhXTGdjUXIxQUlpWEFuTjVYRElFN0pDcnhEaHg5ZU5IWUYzQ2d1Mkstc1ZIVVo4Y3k2NXVGVVBFLVQxVGQteFJQVUlvLTFSSkV5V20xVEF4cklXLUpMVjItMU5Vb1dwMDlHVmlUV0VHbzNRaFJkcHFjdDNaS2N6VEVB?oc=5"
"PD-110","Mahasiswa Kota Tasikmalaya Demo Bakar Ban, Soroti Anggaran Perjalanan Dinas Wakil Rakyat - Kabar Priangan","Perjalanan Dinas","DPRD Jabar / Pimpinan","Tasikmalaya","Wed, 10 Sep 2025 07:00:00 GMT","Kabar Priangan","https://news.google.com/rss/articles/CBMi-gFBVV95cUxONmxYaWpNWWVwNVVUM2tLRFU4SndZZGl0enpBS2g1aGZ0c1F5VUQ1UDVzemRxaWd4ekpWbU5WSl9KX3hmTThSSVQ0UWdvWWJyWWxLUWY1aU5Qb0dEVWJYTlp1MFhpV2ZBVUp6N2tpaE9JVzdpWjNSV0hubk9oMV9OcGRNSU1mbnlNOHJQRDBNWlBjREZNQzhvUldQLWgwNVFuQ1oxRlgzUjFPbDZDeVdpNUY1UnhjdjNtY01IWG9Qc1Z6UEFwYW5waDdod2ZQRWNPWWNGLVhDcnZFUENxU3NvV25odmM2NFp4ekE1Ui1qWEJncVdFVDNRdFZB?oc=5"
"PD-111","DPRD KBB dan Cimahi Akan Dikepung Demo 1 September 2025, Polisi Siagakan Pasukan Gabungan - Pikiran-Rakyat.com","Kunjungan Kerja","DPRD Jabar / Pimpinan","Cimahi","Mon, 01 Sep 2025 07:00:00 GMT","Pikiran-Rakyat.com","https://news.google.com/rss/articles/CBMi0wFBVV95cUxQWnRjOExfTm5tVjc4b2lFWWtXXy0wVVFkQkxOTF9yZEJYX1VPQXhHZGlsc2pKcVpQYk9RODNYZ3VhMUhhRk1qRFhUSmZYd255VVM2bUVIUVU3emVxazlRVnU1YmpqVkJFMW55UlJBMVowMEFEZnVmZEdvSTdWckhqRDhEMHJ6U2M3enNZelpOa2pZN21nU3dJSm5STmtJaEFyN1ZCWXpUTXYzd1l3OGVDN2wweXBUWTY2TjgzS21uTjBJUVMwSkkxbFpLdEliM01UNkZn?oc=5"
"PD-112","Hadapi Tekanan Fiskal, Pemprov Jabar Akan Pangkas Dinas, Biro Hingga BUMD - PRFM News - Radio PRFM","Kunjungan Kerja","DPRD Jabar / Pimpinan","Jawa Barat / Terkait","Thu, 20 Aug 2026 06:49:38 GMT","Radio PRFM","https://news.google.com/rss/articles/CBMi0gFBVV95cUxQR1YwdmU3dGNoUThYQ1pBMU54Y2JTZVFKMV9yUEp0bHBhNGxfR29Hc1pJeW1WWUs4bUw1Y2VBTXdvemlOZlhlamFkQzBKbDMzYm5Tck1DNzctWWV0TFlha2s3cEFnb2M5RmF3M3UwbVJTVWwtaUZDWXBRdXFDdmJIQXZZaEpNVEFqYXp4bE9EV0tjQlJmcGtPUjNoLS1xQkhfRjV4MWZ4QkNtekJpUVVyellrdGNSeUZ0UmRzN2JDQVZlMGFlYTZKbzdOeS01a1lqS3fSAdIBQVVfeXFMUEdWMHZlN3RjaFE4WENaQTFOeGNiU2VRSjFfclBKdGxwYTRsX0dvR3NaSXltVllLOG1MNWNlQU13b3ppTmZYZWphZEMwSmwzM2JuU3JNQzc3LVlldExZYWtrN3BBZ29jOUZhdzN1MG1SU1VsLWlGQ1lwUXVxQ3ZiSEF2WWhKTVRBamF6eGxPRFdLY0JSZnBrT1IzaC0tcUJIX0Y1eDFmeEJDbXpCaVFVcnpZa3RjUnlGdFJkczdiQ0FWZTBhZWE2Sm83TnktNWtZakt3?oc=5"
"PD-113","Ketua DPRD Pulau Morotai, Muhamad Rizki, Tanggapi Isu adanya pemborosan anggaran dalam APBD-Perubahan 2025 di sejumlah mata anggaran. - Aspirasi Jabar","Kunjungan Kerja","DPRD Jabar / Pimpinan","Jawa Barat / Terkait","Sat, 04 Oct 2025 07:00:00 GMT","Aspirasi Jabar","https://news.google.com/rss/articles/CBMiiAFBVV95cUxOR0QzTDVheFNsaVdwbUFtVUd4amcxZjY5dWxYYjB3S1d2Ulc5ZHZYcUtjbGhJUEdEZjR5NVhkc0ZnQ2ozS0JrMHRoeTVTSDRxYVRsRXR6UGJrRVFRUC1fVmhXaWVtQWl6ZldTenc3emJURWVab3UzVDlveTV0UVJ4RjZvWGJZc25M?oc=5"
"PD-114","Pengakuan Fujika Istri Siri Kusnadi Dalam Skandal Korupsi di DPRD Jatim - Liputan6.com","Kunjungan Kerja","DPRD Jabar / Pimpinan","Jawa Barat / Terkait","Mon, 02 Feb 2026 08:00:00 GMT","Liputan6.com","https://news.google.com/rss/articles/CBMiugFBVV95cUxOTmkySDloRzIwWl92dVJjREJHQUYxXzNNeUszN2NsZlZSTzJNVmdBQzJfeURBRnVKWjZoSnhYLXdJcWc3SWdzNXdHUVJNWXg4TVBLQjkxSWdSV19rUTRlVTU2UjBfMGNfN3BnbzYzTXN3TURxUUV0dXpqcElPNXc1N0l6VkdqenVEamdINmV2Q1NFTEs2LTB2NWxDSXlmdWlVV3I0dy1DanR5WGxwMFV0N0c2bTFHY2J4NFHSAawBQVVfeXFMUGFuSkhwaEs1cFhVWVhTTXVmZkFMa3ZTV3FSb3JZZ3hMTDNkbm9WR29QelNiZGJyNU1IdkQ0Q2Jjd25pWW1lR2YxdUI2NVdNQVBxY3hMUWYtbGdIWl9mV1lMVGItQi1Ca3dlSHNJcFRsSHExZVQza2YyclNXNlpYRHFmMzd5MU5fNkFHa1hJNG4zbFYzSDVqaThicDQtZzFfbWNnQnJWdDMtQ2VZQg?oc=5"
"PD-115","Torehan SMPN 28 Depok di Lomba PMR WFRC Tingkat Jawa Barat : Boyong Sembilan Piala Tingkat Madya hingga Wira - Radar Depok - Radar Depok","Kunjungan Kerja","DPRD Jabar / Pimpinan","Depok","Tue, 02 Sep 2025 07:00:00 GMT","Radar Depok","https://news.google.com/rss/articles/CBMi7AFBVV95cUxOd3lyMXcyMXhkWWVsNTFTUTZLMDVHRmRlb1BTX19JRmNSQ3RYZ19xMXRDSkhnNnF1NXJtZzQwQzdibkR2ZTVfb3VDMG13d1hVX3BnVHQtcDgwZGJoOC1Ia0l2WGFMLUF2UnYzbVFyUG1LV1c2NnZhLVQtVTVxNm55QkpHZFl4Mm9XQm9PbjQwX2Zid2xGVTZGTk5RcUt2MXRxNEp3SXN0b29jbGRfaTU1RGhKQUtUTTlCb2VKQkxteXdIeE9QSG93LVBoYlNpQkRic1ZySk8xeDBYcVNWQ09HZVFNRnBlZ3FKY1hWcNIB8gFBVV95cUxNNGdTTkk1UWdHWVRVWk9RRWVzNTN0OEdrSHN4by13d2I5VFA0Z01ZMVVsOU9mZ05rNDhIS0hoLVBwb0JQNXNnZDNQMVFKRzJ1ZDZEaWlxaUttWDZBaFh6clV3LWJqNXNnd0p2TW9MSGdmRHFyaXRVczJtYnRoNGJkZWZFdEk1SElhQnJpbjFVRTIyRWJJSG1IdEJTSXpKTm1pcVBmbTZoVElGRHlMTVNWVE5LTWl6YVUtVmxSM1o2NGRjeC1UMmMyRVpjWVpycUtGZlhQM29hWlQxWGVBYk0zc0ZLTWwtN1lNRUJPemVhWHJIZw?oc=5"
"PD-116","Fiskal Tertekan,KDM Dorong Birokrasi Jabar Lebih Ramping ‎ - koranmandala.com","Kunjungan Kerja","DPRD Jabar / Pimpinan","Jawa Barat / Terkait","Thu, 20 Aug 2026 10:42:40 GMT","koranmandala.com","https://news.google.com/rss/articles/CBMiqgFBVV95cUxPa252SEFNRHN0bDRFME9haGxTZkdSMllSLUNoSHlISTBoWnNzQUtRMEthd0h0c3Z1a1hqcFhvbzIyajRQYmdvUVJBZkpQREZNazctbWJIOElXR0l1cUdUdTVic2l0TUlHZzNPYW1PT3JZczRSWjh0ZU1Rd3RVN0prZktVUGFPOTdES1NlUHptSzRnbTk2c0hkbmN5Q3NfZklkejdDdzFhSWNJUdIBqgFBVV95cUxPa252SEFNRHN0bDRFME9haGxTZkdSMllSLUNoSHlISTBoWnNzQUtRMEthd0h0c3Z1a1hqcFhvbzIyajRQYmdvUVJBZkpQREZNazctbWJIOElXR0l1cUdUdTVic2l0TUlHZzNPYW1PT3JZczRSWjh0ZU1Rd3RVN0prZktVUGFPOTdES1NlUHptSzRnbTk2c0hkbmN5Q3NfZklkejdDdzFhSWNJUQ?oc=5"
"PD-117","Cagar Budaya Kota Bandung dan Sejumlah Bangunan Rusak Usai Aksi Massa, Listrik dan Air Diperbaiki - Pikiran-Rakyat.com","Kunjungan Kerja","DPRD Jabar / Pimpinan","Bandung","Sat, 30 Aug 2025 07:00:00 GMT","Pikiran-Rakyat.com","https://news.google.com/rss/articles/CBMi3gFBVV95cUxNUGVWeTlsTjRlSHZETE1jdlItUktDNjBpSEE1VXI5aEt3U3dOTzdaSzgtSXJmYTE1MEpYUlRFamlPNnY2ZlFHRHM0bzdtTnFid2ttYm9EbzlBbnpiaWJ4eVBocmhqVDF6TEZ1QUlrc1BiOWJrMkZRRnY1YzNXTHdpQ3pJLUhaSjVKdEJrRHhfV0dMWHNTZ1ZRRXE3cWVXTS1td2NWSjFSOFhYd2V4VmdxNXpMeVFKVjJsNjVRbFVJN3F5WWpXMDBKX1VCcVo5SlMxUGZWd2NoTF9abVpKaEE?oc=5"
"PD-118","Sekda Jabar Luruskan Anggapan Gaji dan Tunjangan Gubernur dan Wagub Capai Rp31 Miliar - Pikiran-Rakyat.com","Kunjungan Kerja","DPRD Jabar / Pimpinan","Jawa Barat / Terkait","Thu, 11 Sep 2025 07:00:00 GMT","Pikiran-Rakyat.com","https://news.google.com/rss/articles/CBMizwFBVV95cUxQeGVYaEhNTkFWYlNILXVwMXR0OXg0TklZbWZlYkdMa19yLU9xWVQtZXg1UFQ1M1ZrdkRkdVBqTzd5RXRoS1M4OWY0dE1xTGRNdVZfdVdCQnF3Yjg0bmFyNHc3NmNWX3dLUFVaLTVrY1RjZzYxRlBET2psNlFnMEh5REpfWHVJeS1IdHZTcVZDTWZQdnk3Q1lJS3drZGF4ZDRZWEpwZmdtX1lCRmpJUDNKZHo3ZGRGT1Z4UmlhMkFHUUtuaVRWSnk3RV9saEVtaHM?oc=5"
"PD-119","Renovasi Pilar Pagar Gedung Sate Jadi Kontroversi, Ahli Cagar Budaya Bilang Begini - inilahbandung.com","Kunjungan Kerja","DPRD Jabar / Pimpinan","Jawa Barat / Terkait","Fri, 21 Nov 2025 08:00:00 GMT","inilahbandung.com","https://news.google.com/rss/articles/CBMiqwFBVV95cUxQZmhrSmo1RmhUekRfZHVZNlN2Y0lEZ3BfeUdDOENBR0IwWUI5ODEzRlk0NEdvSUZNZWVEajdLSEFrRndKc29DZVpfdEI3OGx3SmlFY0F2dHVMbW5aTTd1Q3RRRWFEcUV3dU8zejd6Y29aMUhKd0pzODN1MGQ0Z0NiQm5xN2M2a0o1VGpwbUc2cFAzSVZ2LU9oNVFnb0hZNVF5T0RGa1FoQXNLOVE?oc=5"
"PD-120","DPRD Jabar Gelar Paripurna Nota LKPJ Gubernur 2025 dan Laporan Reses - detikcom","Reses","Seluruh Anggota (Reses Dapil)","Jawa Barat / Terkait","Mon, 30 Mar 2026 07:00:00 GMT","detikcom","https://news.google.com/rss/articles/CBMiswFBVV95cUxQdjBCOXJkNTdTdmoyQUVDY29fUUZCbkhadVE3c0NDV1lsX0xIanBvbVdWZW5lc3ZDRXEwQms2MTd3cFR4WWtiMEpteEVMaXA4TThrZ3UyU1BDS3YxV1dkZ3puemxrWjB5THJwd0NRLXE3OGNFLS1tNXBrY3NrTncwV1JNUUFSSnZvVjBXbGtKNEZVTVZlMkc4dFI4U2o0cWtYUlE3VDE1SC1nWFRUSGthRzlqc9IBuAFBVV95cUxOT3Y1Wng1SVBNd0ZLQnRUZVNxNVlfU05VT2ozMUdVVGRudXM0Z3NaYnRrVEVfbnFmcGZsN1VsYy1LWUUyNkF0bnlnVC1QT0xYdWJib29DUVZJU0NfbWJ0WGZHX0lxOFdackJzVXZPcWI2UjN1elF4aEJkcEM2VXZMODFtYW1ZOXYzdFAxTkQ2eS16cjh3Mmc2REJ1MmE1NGlBY3lZeWRSVThFQlhQMEpRMUdWN1Z0RURZ?oc=5"
"PD-121","Reses DPRD Jabar: A Yamin Serap Aspirasi Warga Sukabumi - Radar Sukabumi","Reses","Seluruh Anggota (Reses Dapil)","Sukabumi","Thu, 25 Jun 2026 07:00:00 GMT","Radar Sukabumi","https://news.google.com/rss/articles/CBMipgFBVV95cUxQWDRkQXc4bEl0eFNhQTkyMU5DSnFiXzFBQXB4NXlfRERtRks2M0ZCZUtyLU5vUU5jY2l4RTFUSy1pczYwZldFM2tnaXVGSzVxdlpxVkFDX2xndGdfdlNOd1lDdFVNVGJxSXU5d19QYkp2U1ZpVDBrZ3FjX0gzM3J4VHNkX0dzSmlQLThlLTFBYm5pVjlTS0MyLWRxX1R3RE1RaHVlM3B3?oc=5"
"PD-122","Disdukcapil Garut Hadirkan Layanan JEMBOL di Acara TMMD dan Reses DPRD - Jabarprov","Reses","Seluruh Anggota (Reses Dapil)","Garut","Thu, 21 May 2026 07:00:00 GMT","Jabarprov","https://news.google.com/rss/articles/CBMiqwFBVV95cUxQdXBOVHd0Y0ZmUWpfSXNxQUdUSlBzcVB6SEg1UXhIV3Zqdm9JZUM1YVBVdWYzM3VJWDVxaDhucWZJSnRrN3RhWmZ6Tk03RnNqd3VwRzZBWE1QLXVjLVdqNVVzNTRDdFVKWTE5MjZQcjZlT0ItaUJNQnB3NnJPdko2a1pZZ2Myak54NnBpckJ1dFJpWnBkRE5ucTBsTlh2R2V4WG9LeFFJTTYtb1U?oc=5"
"PD-123","Momen Reses dr Hj Ratnawati di Kedawung, Ini Komitmen yang Disampaikan - demokratjabar.or.id","Reses","Seluruh Anggota (Reses Dapil)","Jawa Barat / Terkait","Tue, 30 Jun 2026 07:00:00 GMT","demokratjabar.or.id","https://news.google.com/rss/articles/CBMiqgFBVV95cUxPNzJiYXo4UUVjN3BieTdaanZiSnBpZHdmanlDR2xCRmVISGxxTERzVXgxbUlKX0kzbm1XaDY4aWNZQndIYUdiRjdReXBXQk5SWVB0QkpOSDFKblZ2SGpiQURYOVpJYjRVa3BNdWRvSGtDa1l6UEtsU3NsVGxyVWZNRTZ0Z1hoUGkzMVh6RjQ0RXM5YlZoR25kYlFhMG5TWmtWM1dhQlpQMEpCUQ?oc=5"
"PD-124","Reses di Banjar: Anggota DPRD Jabar Tina Wiryawati Dorong Generasi Muda Lestarikan Budaya Lokal - cakrawalamedia.co.id","Reses","Seluruh Anggota (Reses Dapil)","Banjar","Sun, 14 Jun 2026 07:00:00 GMT","cakrawalamedia.co.id","https://news.google.com/rss/articles/CBMixwFBVV95cUxOdVdoNm9OWlRxUDRaVTJ3UmFtWnI4UGFZV3cwdmRvaW43bGVRNHNfamRmWHIwQ2V1X3JORkhzdzF2V2VWaTRYOS15c2dZNjQ3SDV4TEF6dzhDSkNZdUQ5UzYtWUloRC1LaExObE8wdFV1UDZ4aGtBU0w3ekI3UE5EcHM4MHNmRmN3NkpKV2sxclVyb3lxWEduNEFVQXZnRGJkMkMyaXFHOGt6bmxHc00tUlZDXzVLenlJVUstRUpJUGotV3FsS21Z?oc=5"
"PD-125","Polsek Cikoneng Ikut Kawal Kunjungan DPRD Provinsi Jabar ke Desa Gegempalan - Humas Polri","Kunjungan Kerja","DPRD Jabar / Pimpinan","Jawa Barat / Terkait","Sat, 09 May 2026 07:00:00 GMT","Humas Polri","https://news.google.com/rss/articles/CBMiwwFBVV95cUxPd0MwZHZYV1Z5UTFKS2lENExUc00tMnpuek1qWTdvbjFTc2tiSjBKY2pIUWh0UmlwMGN4WFRqeFZiSHBrUHdpYkpjbGU0bjEyTy15QnpTTVlFblJpRTdhVl9oNE42MHlRSjRfdmlyckNTQ0x5VjJrVjhrM1hNNC0tWWtlLTNKOW9hV3dIdG5waEpGUWwyS29LQ0Y0WlZwWG1wQ3JhV3VvZ1RyTUhQdXVPMVhRend0MXBKU0NRVGNlSTEtZ00?oc=5"
"PD-126","Anggota DPRD Jabar minta korban kekerasan tak takut cari perlindungan - ANTARA News Jawa Barat","Kunjungan Kerja","DPRD Jabar / Pimpinan","Jawa Barat / Terkait","Sun, 28 Jun 2026 07:00:00 GMT","ANTARA News Jawa Barat","https://news.google.com/rss/articles/CBMisgFBVV95cUxOTFU1eVljWXZBc1ExWnZKZW5XWDhlSGxWcnFrYzlBWFdLZzFJUERPTWtUbEJDT0ZYM3JKNzlkbE9EQ1Z2dEJEUEZ4eWZPc3dyMF9zSnJGbXY1VTAtSmlnTTZSQzFCVzhXaHJlU3ZBSW1WVC1WUnhNdHpQOVpEdHpNZTFqTEFtcGlNeHFPS1BjUG1tNm4zd1VxUzV2R2RXeVNKajBSSWZWdnppYkJIelV3bmN30gG3AUFVX3lxTE9DV2p0QmFDVENOOHljOHRLY2dXYk50bFhYR1BhZV9jOWJUOF80aVdGb3hoR3VSSkR4NnJlQ1FHTVVpak5sbmpPNGJaa0hJRDBUQmtTOHVHampFZndNbFJuWEp6M3BvRGc4VzBoRFA1d2pWMmJYNVlqY1NpSmZBM1p2WUJneTBtaVMydVA5RWtSbUFvNnlsT3phWUg5TTlHRElmX29WYlF2RXdHTFdQWWxGUHhvYjBLWQ?oc=5"
"PD-127","Anggota DPRD Jabar Serap Aspirasi Warga Cileunyi Kulon - patrolicyber.com","Kunjungan Kerja","DPRD Jabar / Pimpinan","Jawa Barat / Terkait","Thu, 18 Jun 2026 07:00:00 GMT","patrolicyber.com","https://news.google.com/rss/articles/CBMijAFBVV95cUxNTG9SdGdzZWZrREt1aG9DZzhuWkI0S0h3eDFrc3NqYk4wUGlYVU9sLWZtYzdnWGR1ZDVRTk40NmluVFE5a3pMN3A2T1dxVjVsYmwwVnBLOU9HOHdPeFNsUUgyUDhmR29faFZMUVpkR2tLU21pOU5qeWRhN1pqMlBuN1IweWV3NXU0TG9qdw?oc=5"
"PD-128","Reses DPRD Sukabumi Dimulai 3 Juni 2026, Aspirasi Warga dari 147 Titik Siap Dihimpun - Sukabuminow.com","Reses","Seluruh Anggota (Reses Dapil)","Sukabumi","Tue, 02 Jun 2026 07:00:00 GMT","Sukabuminow.com","https://news.google.com/rss/articles/CBMiZEFVX3lxTE1DYlVTdlRXVENuNk1veWtnbkJsRnJ4R0Zndno4ZkVkeTdVNzFfTzhlaXRvRUVkc09nZk1CZDYwTFpQMDJoRnZIVE0yN0V2eHM2X2pBdGxHYjZxN04zcDh2NklJbjc?oc=5"
"PD-129","Sebanyak 50 Anggota DPRD Subang Gelar Reses Selama Enam Hari - Jabarpress.com","Reses","Seluruh Anggota (Reses Dapil)","Subang","Thu, 13 Aug 2026 10:10:38 GMT","Jabarpress.com","https://news.google.com/rss/articles/CBMioAFBVV95cUxQbWxoUFRDUDMwNFpYUzRBVGhpQzFPWDVKNldfQnZtLTRxV2NuaDJiV3FoVzM2alZ2VUxmNGhiR2NRSzluRC16WnltS1JfMGw3YlhVdnhrSVRmaTZhRV9jWjFiSWpHbGRMMkg3VGRXeGZoSURQbTZEMTVjSXIwNHRqYllpR2VaRjlMWnQ2NEUyeV9uZ092WGR4NmNwWklzdl8y?oc=5"
"PD-130","Reses di Sukamantri, Aspirasi Infrastruktur Mengemuka, Oden Haryadi Tegaskan Fungsi Pengawasan DPRD - infonews-tv.com","Reses","Seluruh Anggota (Reses Dapil)","Jawa Barat / Terkait","Sat, 08 Aug 2026 08:35:00 GMT","infonews-tv.com","https://news.google.com/rss/articles/CBMieEFVX3lxTFAzNFk3bnRFQ24zZmhtR3QxNXZIMFJ6WnIzNDA3QzlMdHcwY3hHbHFVSTJYVldOd1Y1d3ROWm14bjhIV1ZKYTNpWVMtT2padGN6Q2ZTdFc1WkdxeWxrWVd1cVMxYXNQZTVZaXBJa3JENUFSLUJPQi1tSA?oc=5"
"PD-131","Reses III, Ketua DPRD Karawang Dorong Penguatan Konektivitas Infrastruktur Wilayah - Pojok Jabar","Reses","Seluruh Anggota (Reses Dapil)","Karawang","Fri, 21 Aug 2026 04:08:00 GMT","Pojok Jabar","https://news.google.com/rss/articles/CBMiyAFBVV95cUxQR0NyWjBBckJncmczMk1OMkNKeHZiemp5UWhhNFR1dHFvQ0MtX1RPZFFxR0hZS2laOFJ2LThfVkd4ODhoeDBaaTBuLW9nOVVzMzNiZ1FBRVE3WlVQZHdhWlJOTEc2N0tEZWxnT0s4ZFc4dTFJQ0ZmQXB6ZzhPZ1BKQ1JCOWl0cU9BV1dPSFhHQlhWNzlQUURiVDdmc0FoSGdoaU5YNG9lMkJOZlpDV1Z2SXpqVVR0SXNVQnRVNWozZXVrNndDQTE0Sg?oc=5"
"PD-132","Hibah Pesantren Jabar Jadi Sorotan, PKB Ancam Gunakan Hak Angket - Pikiran Rakyat Koran","Kunjungan Kerja","DPRD Jabar / Pimpinan","Jawa Barat / Terkait","Fri, 17 Jul 2026 07:00:00 GMT","Pikiran Rakyat Koran","https://news.google.com/rss/articles/CBMitwFBVV95cUxOQXBuRWM0M0Z4bTZ6YzhmVjVnZS1kT2QyOUEwZzF3eDRFX1pEaFplcEdtbUNReDlLOWJRZm9OMF9WZGt0TTQ2SXJDM3I2d05IV1ZtcmVSci1iUVJDRlhvVkZvcGV0RWNSZXZKNXplaDRERnoxRFNzYjByOXhaak4wdHNmN04ta2NxVjBpdm9YdnZGRkxBaTBOWW9sS0V1bkNaeGpOdFJfQktkZHV6YVdlck5ucktOUkk?oc=5"
"PD-133","DPRD Bogor serap aspirasi pembangunan jembatan Bogor-Tangerang - ANTARA News Megapolitan","Kunjungan Kerja","DPRD Jabar / Pimpinan","Bogor","Wed, 15 Jul 2026 07:00:00 GMT","ANTARA News Megapolitan","https://news.google.com/rss/articles/CBMisAFBVV95cUxPSVR3N2hackNUN1JpdHBsdDEzVFRMQ29QSFlXWXNfdnZjXzVfOFRuNENlX0ZiNVYweXBoWTJ4NUhPLTZyNnowMkVzSHBHOUhnMUU4Mjc3ZWt2UF9JWExaX1JSQXhuSGZ1U2c5QU94SWNrVmNsR01Uc044Zkw5c2hEc2drc3BYM0hHeVZtbWRjcnJxRDBxeklmV1hwaE85MDRyREs3WERReTUyR0M3RWxxY9IBtgFBVV95cUxNWEcxcVFYOXFDdjVOYnlUX3p6VmFfVUx1amlhcGV2T01qVTJmN3BoaG1xc1Z4dDRUNzlyeFdpVTRpbUd6OU1EbnBZamx1UHVtXy1GOVNOYlE5TzAya2l1dkRETXVCV2c5ZEtVTXJRU2U5R01JYzNrelFObGhFNGdwdG5MTEt0YzNJR0g5SEllWUtsSW8tTF9acmU2ajlpMUlDMUJ1Qnh5Um1JQ2NsOFlXMktzNmtjdw?oc=5"
"PD-134","Rincian Gaji dan Tunjangan Anggota DPRD Kota Bandung 2025 - detikcom","Kunjungan Kerja","DPRD Jabar / Pimpinan","Bandung","Wed, 10 Sep 2025 07:00:00 GMT","detikcom","https://news.google.com/rss/articles/CBMipAFBVV95cUxOZDR1ZkFQdFd1cE43UjNxYnZ5M3F0dTkyTTNNaGpXc2JxWGN5Znprc0NxczBUTXBSWkd0ZDZFSmRuWHVaR3AzTmJYYUMwRkJUSUtXeVcwbEJ6VUt1c3U2cVhFRXBuUUZNVDhzSnA5M19JazhkeG1DNGtGUWgyMDlTT3JUX3dzbWg1cWI1bU8xcmt1Nm5ySzhyMkIzYWRhV1h0bUcxMtIBqgFBVV95cUxNYU5JeU81dDI3UkV3ZnREMXhjVkpSWlNFekVkMFM4WlVfRWRWT3hDN1R4RU9pdkxuMDlWazBnT3JaN3dwUnktaUFBOTBzaV9ja0x6LTRvNVpFc3RZZmF6b3o1M3RIRVVuSmkzMFFPYWVUak93VXZJT1lxb21WemdvM29ESGVqWlJoLVZHdFZGMDhhY1BGMFZmV1NEOGFYOU5CNTNoRHZ5SUVmdw?oc=5"
"PD-135","Anggota DPRD Subang H Bangbang Irmayana Gelar Reses Di Pabuaran dan Kalijati, Siap Perjuangkan Jalan Usaha Tani Menuju Swasembada Pangan - Jabarpress.com","Reses","Seluruh Anggota (Reses Dapil)","Subang","Mon, 13 Apr 2026 07:00:00 GMT","Jabarpress.com","https://news.google.com/rss/articles/CBMihAJBVV95cUxOQW5FNFd0QmVpdmZGcUNxUWxVdUthaHh2dTdBa2M3M1FpSTMtUDJmN1o5M0d2Z2tFTTZlLU9ISEdVdmNSU1FTRHpXaVZEeGFXNFF6SC1IZTE0TmJ1MFZYbDgwOXVPQXlacFJROGc0NDdxRjV4eTV3QW4tcW5Zb2V2cnBxSDl5cVJSdHlzWjRVQnM4clBhVW50WlBYNWNabnJBV3dTVEMxRWVQRHhJOHVQZWlmdG1EMDlXQ0FKbEF0dzB2RHlLYmstc25BS3FZT01VTGcxakZnSS1IU2FGTUpSbXhTck9ldFlhbXZhalMxc0k0VjJ3amRCS1l5NFlHWDBrdTBnMg?oc=5"
"PD-136","Anggota DPRD Kota Bandung: Jangan Sampai Forum Reses Jadi Kegiatan Formalitas Belaka - Pikiran Rakyat Koran","Reses","Seluruh Anggota (Reses Dapil)","Bandung","Mon, 30 Mar 2026 07:00:00 GMT","Pikiran Rakyat Koran","https://news.google.com/rss/articles/CBMi3AFBVV95cUxNZUVSUHpvMVU5WGF3ZWxkSXlyb2h4TjNJSFNwQzM3dmlaMHl4RUkxMzRtdEt1LXdmSGZERU14OGFYQjlPQUN6SjZoX3RXd2JnWkFsN1BSb1E3QkVtSWZLcmhSeFQ2aEswOFVLYzZDWXhsNU9KRWF1RFdrNzBrOENNR0pDZlU4WkUyT0RnQVJ1WjA3X2ZLWmxocFBiWWFwWkV0VGNYQ0hjeXJaekRrVUNBaUJWaE1INUJqejMxbnVJTW5QV2FDVnV3SHVGd0RSNWZGYk9BTlJfMER2NnNN?oc=5"
"PD-137","Anggota DPRD Subang H Bangbang Irmayana Gelar Reses di Pabuaran, Siap Perjuangkan Jalan dan Bantuan Pemasangan PJU di Lokasi-lokasi Rawan - Jabarpress.com","Reses","Seluruh Anggota (Reses Dapil)","Subang","Wed, 12 Aug 2026 04:32:27 GMT","Jabarpress.com","https://news.google.com/rss/articles/CBMihgJBVV95cUxQdkJDaVpQQzJaNk5mUmVyVEFsSXl5aHhtWDQ0T3pLQkY2SnZKakZFdXBJcmJQUmNFbGthbWlYVXpqRTJsRl9XZVVING9IZXQ4MFJILXdmaGs2N1FiUUpjcGFHUWtubHNSVlVQTlJ3NXNxRENoUEZadkxMajlOYjVKejg0aHJmRjkxdEhXS0tZNGJrV2YtdVBUejRQMUtxbDFPaXp4dUVucGV2aW5vM0lHRjdLelg3WGFEZ2dDYVpOdGkyQ0ZtQnlqejdlZkVrNjZMV3ppWk9kSVVwN1g2V2xKaV83Y0ZvZmlrNjNqZnlISW12ek9ySFFjZjlmWWtGUEc1VnZrM2pR?oc=5"
"PD-138","Legislator Jabar prioritaskan pencegahan longsor di Kuningan - ANTARA News Jawa Barat","Kunjungan Kerja","DPRD Jabar / Pimpinan","Kuningan","Thu, 18 Jun 2026 07:00:00 GMT","ANTARA News Jawa Barat","https://news.google.com/rss/articles/CBMipgFBVV95cUxOUlBtQVktWDhaVnpiVjFwMlJ0eDBRZm5NX0VvdVpOeFBsYjVqcUw3Y3JwWUNiTFFLTzBXUl9yX05rYld4TWxrSXVaMkFsa2w1bk9jU3BKRWM5TWRnN0twa084Um5JZ2JuaHhkSWFObU9ZNUlhTWkwaWxVV29OaXZyRU5YRm16WlZyb2xHTUFMeDI4YzY2ZDg1V3c1VG00ajdLczNUTWNn0gGrAUFVX3lxTFBfa1M2M19vdHUxUDR2R2ZkdmZpZXMzU0ltdjlsSmVpUXlEb0lieUEtM3gtNkNwYjQ5eExCalBjVVdtQzJBdXBUQUZ2WTczaEUxVFhvVUZPU3Y2R2VDNnhhQWNqLUtxdFVrVFhhSzdpUUFIc1AtSWNfbjBWVVMzeWVuUThERkZTTGljUDdkZ0pRWVVHalFVb1ItOTZ2T0F1LTFuMEFia3dRdU9ycw?oc=5"
"PD-139","Ineu Purwadewi Sundari Gelar Reses di Majalengka, Bagikan Biskuit Bayi dan Balita Cegah Stunting - gesuri.id","Reses","Seluruh Anggota (Reses Dapil)","Majalengka","Fri, 12 Jun 2026 07:00:00 GMT","gesuri.id","https://news.google.com/rss/articles/CBMi1gFBVV95cUxQT3ZsRkhfbXBRUUhGOVd0dDBrQnZzTnZ0dDhPMFhqU0UzQ1J3SEYzbVF3S3NvNW1pc0RFN0w5UGloUVpZQ2tPdVNJMVQ1eVc4MWJqWVhTLXZDWlF0UzNwNnNYZEViVF81THA3dHFxVWhBR3lxTVEtVkoxYzdDZ1l3OWJlbHVwY0RwWVFHUDBaLWhxNC1qMDd2cWdIWi1pVzZtX0c2M3lNVXZXWF9QR3VHQl9uQlVUSEJnc2pGQWZSN29Pc1pLSW5qdVBYTFFlQVRDRl9saEt30gHbAUFVX3lxTE9DVE9RYTVTcEtoM3pLSFlCZjZTUzRzeWgzcE9PYmJJZjQtX3lUa1lncmx4Ym1BVEsxb21fa2xqVzRCWWZfVlhXUFh3MzgtMndyTks2cFhsVzZ0TzFMV3BNMEIyRFR3dFJyTFVPUjJMLXpKODQ1U2hpZVJ3LVJNRHl2SU1WeGJVaDUyYmRad2JwRFVoYWZVWVU1Z1RwMkhaQ05fT3BGQXlZa2xOS3dvaDRZTXBhMWJLNW1WblpJRTVtd1hmMU1ubFhOUURUaEdBTGpZX1RLa3hVUWYyWQ?oc=5"
"PD-140","Reses Masa Sidang III, Ketua Fraksi PKB DPRD Kab.Bandung, H. Tarsa Witarya Soroti Infrastruktur dan Pemenuhan Air Bersih - Bandung Berita","Reses","Seluruh Anggota (Reses Dapil)","Bandung","Wed, 19 Aug 2026 07:00:00 GMT","Bandung Berita","https://news.google.com/rss/articles/CBMi3AFBVV95cUxNSm15MVJSOWlQRV96clVhWV9oWloxQmVRUWlheWtVTm03d0EtUHIxWmt0YmpZREFOdjBmeklIRExSaVRjZV96ZE55akxBUXkxSkM1NklaODNRSEJOaGlhb1FRZm9ZXzF2bEo3eGlLNy1wd2xVVmlieUUtV3NPMHUtOHpremxWbldZTmhOQklKYkJFOGs2Z1ZRY2FCWEp2YjZFc2RJR21Jc25KVXdrQUVYbUc5a3RnY2paQzlxS0N6MHNJaHJZWDdLTFdkUFVTczNRX0hLLUItcXZQUXBj?oc=5"
"PD-141","Wabup Pangandaran Apresiasi Reses Heri Rafni Kotari: Momentum Perkuat Sinergi Pembangunan Daerah - myPangandaran","Reses","Seluruh Anggota (Reses Dapil)","Pangandaran","Tue, 25 Nov 2025 08:00:00 GMT","myPangandaran","https://news.google.com/rss/articles/CBMi7AFBVV95cUxPdXd3VGFwUGNkVmVPcUNXOVhTcHF5bi1tckdOUVdMZjcwQVNjTnYzU09RYXNNZ1NMVEJKSzYzd3NEbmRseUN6TVMzNlM2d2FiTmp4QnA2WjVsZDhlOEdrY3pWa21XTnBQTlBNTGRpT3FpekVpaXc4dGJleEQ4ZUc0NGx2TUpQbG1yUjF2Nl9hbW9ldk9SNFFreEhaZ0FBS2FCdHZsam1fOGxXTUF4RnMtX0cyeDdJUnBMTlNRc1NMZGg5eU9Pb3hhdnVEeGxJa1VRMW5fLUdVS0RsRXdmdERyT2QxSS0wcXEtcllHRtIB8wFBVV95cUxQcDZBdmdoUk1neEZuR0Rtb0JrSlJEazJMSHgxUjNrWGlnUkVVY1BTQ2tVT0lqZ1MzNDhEaUNxX1ZBVXJmVm9aVnY5aHBqeWhVdXRjcU9MVXFZTmdIcVI1WVc3N3VhQ1dPMDMzVjR1SmJoQzVEWEctaW0zUXUzeDdFM1ZmOFZUSGk3VWhhZGJES1NBWUVXWDJFWWNvOVNxb3FSM0tnZl9OdWlfYkZhY1VnWW1wTWloVVBoSEJEUFEtTlJ0WGhPWGJ0WUZnai03dFFIUFZGeTR4cVlrTTVQMENwVW9YVm83SjhiRjI3Y2lhSWktVFk?oc=5"
"PD-142","DPRD Kabupaten Sukabumi Bahas Hasil Reses, KUA-PPAS 2027, hingga Perubahan Alat Kelengkapan Dewan - Tabloid JUBIR","Reses","Seluruh Anggota (Reses Dapil)","Sukabumi","Fri, 10 Jul 2026 07:00:00 GMT","Tabloid JUBIR","https://news.google.com/rss/articles/CBMiywFBVV95cUxNTTh5UVRJN3B0RlpsbTM1UnlDaUU2VWhjV0x6SjBzX3hkbDRUSHhQcTVIbEQwZFhpY3JreFo4UFgzM2FNUUo2ZDE3d1pmRnV4WHEyX1M2NEhSdmNvd1o3VWVYeHMzY0JRZ1F6dmtlS2NCWnpyVkR1MVpCTWNvQ3VDOEFyQ2dFTmpTQUJWdEdKeThNS0lvUkdUZlVUeFJLdXFPNHM0NmtncWNmaHdaaDhvRTJ3WERtNHN4OHZLR29laUpVZVFNY2o0YllUSQ?oc=5"
"PD-143","Anggota DPRD Subang H Daswinto Gelar Reses Serap Aspirasi Warga Desa Mulyasari Kecamatan Binong - Jabarpress.com","Reses","Seluruh Anggota (Reses Dapil)","Subang","Wed, 15 Apr 2026 07:00:00 GMT","Jabarpress.com","https://news.google.com/rss/articles/CBMizwFBVV95cUxNZGZTMl9GRXpHOHkyUkpqUS0zMkU1emxyamoxZXZsU1M0QXVuallWSzJOc0FXaXRTVE1jWUJiUHNfeEI1VGNIZzBqR2Q2eGJHQlUyZzlRRml3S3dITHJrZFpSQXlSYzBoY3QwdXdZXzVvV01Jejh4SkpOZkhaX3JwdS0xajNUMU1yQ0EySUJDTXVwRFVYNGV5SDl2Mjk0VHlVa203ZlpjaGhTb3BJR0hveVcyVFl6YU9JNTZZUTdsaGlVZ1kwdDA4T1lhbVhTdGM?oc=5"
"PD-144","PKB Minta Gubernur Jawa Barat Perhatikan Pesantren - Media Indonesia","Kunjungan Kerja","DPRD Jabar / Pimpinan","Jawa Barat / Terkait","Tue, 14 Jul 2026 07:00:00 GMT","Media Indonesia","https://news.google.com/rss/articles/CBMimgFBVV95cUxOeVVhMkRUT1NYa2Nucy1jM2NabUtvN1hFaUU4cHlPV1JCdVNtMGxkaGZUN0h1a3N0Zi1Db09TYTJMOGFUQ3B6OTBYQkIxVUcyZkZNZ3YxRmFUT3NvS0dyam1FZjJBczY5NFVoa3VUQk5vd0lvMlN5ck5UaVpzTzk1X3NON1lBdG1UT1NsM0hsZWVoTlZqcW9jY3RB?oc=5"
"PD-145","Reses di Sukamanah: Anggota DPRD Jabar Serap Aspirasi Warga, SPMB SMA Jadi Sorotan - Sukabumi Update - Sukabumi Update","Reses","Seluruh Anggota (Reses Dapil)","Sukabumi","Wed, 01 Jul 2026 07:00:00 GMT","Sukabumi Update","https://news.google.com/rss/articles/CBMixgFBVV95cUxQOEx6WTMwLUNoZnlIa2steHpteVJQTHcwNmx6VVpuYzFGVW01ZVctZ09waVZQWnloN3dzTk1feVNpZXg5QXBPVS1TNGhzcy1reVN3Q2ZSZDZaSGFiS3NmeUkyX2lzWHc3ZUt4cUYxUkVfMkZVRWlYakNzNjJsNFkwMFhrSmV6b1FMNjUxb1RwVzVuUGJqampYcG5obkFldzRBZDRxZmVJcE5zNjZQUHRoMHhLNGN5OVdhTmo2NEhCN1VROXI1U1HSAcYBQVVfeXFMUHBKcC1tNTlEc0RNeEhkMmE4MTg1ekpZOUFQcHNoWnRsSVkxaWctaVoyN2xlYlgxeHVfQWo1cGJxMTFBV240akR3MFdkZEs4S2hCTTNEQS11RzRDd19IWnNBQXkxUjZrMFZRTFh6M1l4NHdXSlhKeTNIeTd3S2hNWnhtRUpfczVIdjNtMWJqb241Q0dkRFZ4Yzl5Y2h6T3BFeTEtTzJqc3BQal9CQnpoSmRVTno3M1hxN255WGhJLTRhcXpBWGpB?oc=5"
"PD-146","Reses DPRD Jabar di Cidolog, Jaeudin Serap Aspirasi Akses Pendidikan dan Jalan Desa - Sukabumi Update - Sukabumi Update","Reses","Seluruh Anggota (Reses Dapil)","Sukabumi","Thu, 11 Jun 2026 07:00:00 GMT","Sukabumi Update","https://news.google.com/rss/articles/CBMiywFBVV95cUxPd0M5ckM5LXJHanBPemU2MjVEUGx6MkMxNUp2aHYxdzBBZVhWMWRscUxCZ1JYZVBRemEwX0RaZU15QXEweUJUa3RpdlBZcXlELWUyV2NSMHc2a0dzZzB0UUU4cThRY2FyN0dhWjlyMlphbmJESXQ2cGdQdV9Pd2s4SklKenNyaHV2Skx3TExrNzU1ejJTVy1DT29ZLTVuWjBrQld3VklZc096Y2hMWmh0ODM1MV9nS1Z3TlJvNHpiQVdLWEVydGNFVTVUNNIBywFBVV95cUxQSkZDeElhTnZtQXF1WjM0bHZ0X3BxRURqNXRtRU1ac3duRnphRmptV20xalpqV3BGaFBZSlVyT1BPTmJ3QllMeGxOaTVaREF0bWVzY3c5NkYteUd2SGFwQkNORGZyeE9EUlRzNGVfRVlKdnF6d2NFaWZiczVKeHJMdng4VXo3eGZTYmptVzZCVDczM1lzY0lnU3MxYTQ2a0J4Z0w3RlMxV25hOUZWWW43RFNaTVBMVVZRZ2FNSXNfbXkxQWpoZFl5dTZGQQ?oc=5"
"PD-147","Reses DPRD Jabar, Jaenudin Serap Aspirasi Pembangunan Sarana Keagamaan di Parungkuda - Sukabumi Update - Sukabumi Update","Reses","Seluruh Anggota (Reses Dapil)","Sukabumi","Sat, 13 Jun 2026 07:00:00 GMT","Sukabumi Update","https://news.google.com/rss/articles/CBMiywFBVV95cUxNNFlPRzhLbFJ6aTB5V0xMT3l0cjRld0pjVEtvZnM0TE9UdUY3Z2pUNWZnYWJ2eTltOGlRaS1mcDdLWnZVZ2NOaFBuZ21QWDBiRnZldkJzenZ2MVg1cEs4ZWNSNFB6ZXN3YklrSzZ2c3R0TmxDSkduZU05WFlJbTVnanY3NmdiY3hsQjVmbFk5YWwtTm5JTE9nelQ5SFJ2Vnp1aE5feEJvTFp2dFF1RDcwNi1Cd3NOZ1Zjdi16em1pZTlZRDZRcy03VVpZSdIBywFBVV95cUxOQmIwQXFfa3RVRWJHdUk2cFBYM0lmVDd2cWZ6akVGeUtLTW5Oa1pXNnhkNVRFazNZMlRQcFVOZV9TVG9yYVZMek12NTdDSlBucTlTTGZtbXA3ckxUQWxYbVB2LXlXVGdFaGYzNlgzalczU3lwSU1XSDllZy1LM0plOUM2eUNxVEtfRGIxaE9aVXZpOXFpSy12UFAyRjhPb0ZDb05uSlduT3pRT3RqNDYwZUFzZC1ZZWc2V01yRDhCQUcwcktZMnFkU3FXVQ?oc=5"
"PD-148","Reses DPRD Jabar, Yusuf Maulana Serap Aspirasi Warga Cisaat Sukabumi - Sukabumi Update - Sukabumi Update","Reses","Seluruh Anggota (Reses Dapil)","Sukabumi","Wed, 01 Jul 2026 07:00:00 GMT","Sukabumi Update","https://news.google.com/rss/articles/CBMitwFBVV95cUxNb3lDcGYtcGh5YVJ6dkQ4SUM2UFJOT1lJcEFvSWNycFpyVDJGblZTWlNTd0VPRVRXanVReTZUbEpGTjJORy1lTmZvTDVFb1BzRExNdzN2OGpnb3pEV3ZYQmdGNzM4WmNFSFNYaDk5clc3Y29aWGRFczAyc0tON2o0NW5pdkwyYlZ1LVJlRm5hb2VadWJ6UEkxc2FuWjFCcUExeWNSeFVObDNTQnk1RHdobjBUaUpLdUHSAbcBQVVfeXFMUEh4YmF6LW1MRzFQX0s5c2V3UkhINmRTSFdjR1FfMEVPQ003ZTRDNS1pODAwT1dudGhwZElYd042ZV95WFVHYWVWbnc1RDV2VmplcktBQzZtUUl0SUc3NDlVQXJwSWdxVE9icm4tanIyQXpEMVRjdWs2UGV0eHRZV3BSZ1psd09JcEp4RDZhVUM0N3RYelBrSTdvMU9sX0Q5OUNqWTV3TDRsYzdiRnNtZGpTNGM5YUxr?oc=5"
"PD-149","Warga Benteng Sukabumi Sampaikan Aspirasi, Reses Anggota DPRD Jabar Dessy Susilawaty - Sukabumi Update - Sukabumi Update","Reses","Seluruh Anggota (Reses Dapil)","Sukabumi","Thu, 18 Jun 2026 07:00:00 GMT","Sukabumi Update","https://news.google.com/rss/articles/CBMizAFBVV95cUxPZnZVd2lIOXh0d05DVXRMR3RaTTBTUEtQck9ieEI3TVM4WFdrUkw5Sl9sdTV1RS16amRaRXZtUndoRzNEd2MxdzVXM25BeE9oSFY5cDl2bG85bkc3aDZUblVPb3o3VkZuQmNUb0lfYzUzOF9PWm1CZHhyb0xhN0ZwMC1WQkJ1aDVZcWFpNW52dU9taUUxMEtCMzBlY2lRNWlGXzQ5UUtFZ2JjYjY1Nzg0dnItOUF0NnBSOE4zdmlxSWQ4LUVBM25DdlhVYkbSAcwBQVVfeXFMTm9zWFJibGpsQ2puTzVGSDNEaFZwdkJOTExOOVhPMU9ubFRvakRoeWM4cDBXdE00QUFrZ0xGTUpreURtaVlTZTJDcE9GUGhpZVppaUFoLVQteFVkZnpvX25sU3MwUGFVaDdjTTNzLUlzZVl1OWY5bTFNREJfeWhYRlBSQTdoV1BEc3Z3MnRYUm10TFl0YzZKWUNBVnhZWHQ3d3VaanBMOVBVR2dTVzkwdUc2Rlgta3VOUUtKdzQxQ0FLeUU5OF9GLURlZFFF?oc=5"
"PD-150","Reses DPRD Jabar: Dessy Susilawaty Jemput Aspirasi Warga Nagrak Utara Sukabumi - Sukabumi Update - Sukabumi Update","Reses","Seluruh Anggota (Reses Dapil)","Sukabumi","Sat, 20 Jun 2026 07:00:00 GMT","Sukabumi Update","https://news.google.com/rss/articles/CBMixAFBVV95cUxOdk5iRl9GVzAxWHQ2V0FOS016czVmRGRybk1vaVBjUmNqbXRwYXl0QzFqUi04YTNxRk1ueHh6TURyNVlHSmJTWjBKSWlfQmNnNmxrdHkxRXI1VnYwWjFVUXBOUi1hSl9FQlBnbGo1bTlCUkNhNVYzODhpRVg5d2NOWTVXeDRyd2hQbkptWDJTcGJFMmlOdkg3eVpjeC1uMDY0V3NkWHE5Rk9TaHpSVTlhWHBFdl9ZT3RzN3A0SjNZRWVFcEh60gHEAUFVX3lxTE1HbVdkbFgtQkVlRk5MUlQwR1BUdVAzNlJ0VG5Kdk84Z0xPbHZteUN0MVJXUzBIbUNfeVlKaTkwN3A0Y1ctNGp6QUR3bml1RWVfT1JoNGZzREExaUZzVEUxeXJEcExWaWg0T2NZUFE5Qy15TEhwU0pmYmRsQnVxR2dJQUcxQzZ2cG5ncks2NjZNU0xJZ3JocklzekNHWDlBdGlXTVZ2UzVxSFVvbTlUV2VZcUE2TVh5Q1pvcldlRlloM2F2Mk8?oc=5"
"PD-151","Tanggapan Anggota DPRD Jabar F- Golkar atas Insiden saat Giat Reses di KBB, 'Suami Tak Ngomong Itu' - Desk Jabar - Desk Jabar","Reses","Seluruh Anggota (Reses Dapil)","Jawa Barat / Terkait","Mon, 20 Apr 2026 07:00:00 GMT","Desk Jabar","https://news.google.com/rss/articles/CBMi6AFBVV95cUxNNXFNcjZjYllvRzZhUkFSTGJVNlJLM2tzM0RFdUN3bS1pQXdwQVRVYXd1Mm1WM1FQMUNCcWYzYkNtRkFPZGNPaWo5VzhTZDM5YXhUYTdaQlJkYXRubW81VnI5MnVVUEJ5VVo3cW9rUXJsa0Ywd0xpR1cyajNRUWhNX0J4b1ZGd2tOTzhqRkpGT0thZk9YQUwwdnBsNEJXaFZid2FrMnhyUkdVMnQxSXVramE4Y3lhY1pyb3Q5aDJ4LWs1ZFpZNEpHbldmc0VPclRLTzBGSkU5cG1ldFQtZmt4dVJFVm5abFJq0gHuAUFVX3lxTFBwbE5ER3RuLUMzVmxUeG80a0l4TlJmZEc1R3hsZ3BOSkEzc0trMHVLS1FTZ1dNOXVRcElYS3JOOXFJZFpTck9abWNPVUlKeEhoMmJ5NFN0cEF6RUsyUkhETlV3MlBCSUlCR1g3SFo4VUo0MkdHTFUtWjFNRnZMSHFLYUgwaktvTldMbXNpX2ZBbmZhaE5laEZKdnRwTXlPTnVWV3BISThCd0M3ZWlVQndxQms3b28wSFJhQkRyb3NaTTBCZFhKbFFGWE1ieGZTX0E4SkpoSVI0OUJaMGJpdnhKSGNzazBmYXlzTGRBUEE?oc=5"
"PD-152","Ade Puspitasari Gelar Reses II DPRD Jabar di Jakamulya, Serap Aspirasi Warga RW 13 - Pojok Bekasi - Pojok Bekasi","Reses","Seluruh Anggota (Reses Dapil)","Bekasi","Tue, 10 Mar 2026 07:00:00 GMT","Pojok Bekasi","https://news.google.com/rss/articles/CBMizAFBVV95cUxQVnRoY0pXOE9KcWVfVkZoUWpYbGpuMWNKMDNITDAxb2YwWlllQ21ZSUNfNVdoa2VhU0ZSUTljNHRlSHpjbGJGMFotSnRGRWVyeWZZUUV3UUNiSVcyS05CYTBDQWZfUnQ0NV9aT0I1VW5EbU1paDNVaU85eWltSVVxNkpqdmVGWm1kdExtekRqN1JUcDZKWWltZV9JTUt5OHFVeE12TW1pQ2k0elprZVlXQnQzM0dQNUlDVDJ6am4yVmZKdUx2d3ZLdUZVSkbSAdIBQVVfeXFMT1lCUllFOTlVOXg0WldEYkNmclVBMmxfcGM1Tlc0a2pnRGNsd1FtTHF4YVNKclhBYzdVVXpYMnR0aXRHVEpNQ0o5dFQtQzZ1MERvQW9DUGl6M3d4cmJ6Y284cmxLS0NFN2tGcWotRVNHbWdNTGNOQnY3dkxBeVY2ZmRYR2RhUEVMekFTUHJkenhDNmw4OWM3YU9xMVJoVWtPSC1uR1c4MXhIM1R0N1ZqSGJ4LWwwTWZWdE5UQldFLTNFZEQyaG5iY3hUbm4xVnVLRmt3?oc=5"
"PD-153","DPRD Jabar Ungkap Rencana Bangun SMAN Baru di Kota Sukabumi - Sukabumi Update - Sukabumi Update","Kunjungan Kerja","DPRD Jabar / Pimpinan","Sukabumi","Mon, 06 Jul 2026 07:00:00 GMT","Sukabumi Update","https://news.google.com/rss/articles/CBMirAFBVV95cUxPcTU2NmlDaTlRX2xpWFhYV2I5Q3ZqSnRuWEJMMVV5Smd5Y21Md1FQZS0yMTJST2Izcm9vd05wUlVKVS14djlQS1NmVGVQNVJiSkxkczVFWUVQZUplVnM3NjlkZ1psUlcyOGRZNWxXdjZyVk9sSVVZeERBdnBtb1BRVl9HRmFXS0llZV9vOVdmMnZRQVhESC1QMWREY2hqYXVvR0VlQjVCSUFHcExZ0gGsAUFVX3lxTE1SaV9qVHk4bnViZjFRSTlPRnkybE9oX2Y0cjNWMEZXRTYxOXlLZFdXeEVxdVp5cnZBT0NoVThFQkJIYTNwSG9sOFpRV3RCWUdwTWZpNTlZWWlyUWR5c3BUekQtdVd6TVdwbkFESEZrdC03TG4wR3F4WE5xMjJyZWhpbnJWWXZ3dl9FZzNqQk4xRmpkS2MwNmxMU0lKT3NwdzQ4bllZY2w5VldrbGI?oc=5"
"PD-154","Ketua Komisi V DPRD Jabar, Yomanius Untung, gelar Reses Serap Aspirasi Masyarakat - Media Jurnal Investigasi","Reses","Komisi V","Jawa Barat / Terkait","Fri, 27 Feb 2026 08:00:00 GMT","Media Jurnal Investigasi","https://news.google.com/rss/articles/CBMijwFBVV95cUxPUTAzN2R5bnBsSkxmTDQwWHMyaHNOVkF5X2JMTHgtaWgzd1g1VlZJdGpZMEQwVHdhcWN5Z1hJdnRUck5MZEVUWDJyd1FNakV3MlJ4a1NlYzJWaXh1Z3J1am84dG12N1hfbm85SlFDZlktZ0JmNEtrMHdrSXdwRjV1NjZXTDJSeVhlWjB2clNidw?oc=5"
"PD-155","Usulan Provinsi Sunda Masuk Tahap Legislasi, DPRD Jabar: Bukan Sekadar Ganti Nama - Sukabumi Update - Sukabumi Update","Kunjungan Kerja","DPRD Jabar / Pimpinan","Sukabumi","Fri, 03 Jul 2026 07:00:00 GMT","Sukabumi Update","https://news.google.com/rss/articles/CBMixwFBVV95cUxQREw0Rnp0S0ZlaE5VTGkxeDZhUW1sbXNRajFIYmtlRjhueTVPY0hZN2RoOWlHaXFLVUFCSVhpOU1zVkc1cWRycVpIMF9VR1VHQ1NnMnd5Ry1nNjRpbGRzUnQzYi1BT2xKb1hsODhoazZDOTdHQ2o1dFpOUlktaDc2ZVlPQzg5R2k2TzFKNEN3c1pxblRHeGZSUGxPa1UteW8zRjNyS0FnajVVaHluRlEtTzhnb2J0VC1yQVdSTnRQX0phdVE2MHFV0gHHAUFVX3lxTE1PQzlfeXR0YVMxcTlOTFRyaFlZc3U2VWdUelp2aXZQTjZja09BTzhMYllRNlBHWHlOOFJlU20yaDB0UlBsMDlPaFFFOXUyWlhLR2l4WGxpNkRBM1U4eU5mT2NId1Y2cW1sdlQ2WU9yX1Y3RDI0OHlZRFVfZVFMQzMtSGUxenFiYmJlNDllY192XzRTQmZoaVo1NnRjeWVTajBRNndreHRZQVN6Vmx6SlRJYUFvdk50UFNjUVJCa2hlbkZ5Z3pNd3c?oc=5"
"PD-156","Ketua DPRD Cianjur Metty Triantika Serap Aspirasi Warga Desa Cikidang Bayabang - Sukabumi Update - Sukabumi Update","Kunjungan Kerja","DPRD Jabar / Pimpinan","Sukabumi, Cianjur","Wed, 04 Feb 2026 08:00:00 GMT","Sukabumi Update","https://news.google.com/rss/articles/CBMivwFBVV95cUxPMTU0VTBpTnFxZUt1amplUVZTSWl3cG1hcmY5eDNjOXZPSVUxaEkzbDl4NHFSZlh6Rmx3RGRyeU5Mc2dCODhmWHNHTllRRVplWnJtVDBlTUNhdDQtNUNtUjJDWktsdG42aklWTDE5bUx4NnNEOGdhVkpOaGJaajgwT3lVV1JQdlFDZVM2YkNqeXFILXo0UVBNc1VVcGdEXzJHT1dwYVZ2QUtESXhLUDU1T08yVTlzQ1BFVGZlRFNOTdIBvwFBVV95cUxQWUg3clByekJPVEtBZEF0V3R1cWhiWl9Mak1vSFNFZjlXbW5rUTRvbWNwcW5rMlVScmF5ZTRyYVVzZGVIajducUZrRXpOMi1qaHEzejVQeGk2UlpSMFZyamFSd0dUUkZyOGE3TWlpc3BvV2ZEc3RveVRrOTVoTzVWM2VheEpGcEVGX2NXdDVSVHlodERvWG4wS2FfVDl2Z2dzTGlqNzN6dzh6UXQ3R2g3bmZLU1lrRklidWluNlBMaw?oc=5"
"PD-157","Reses DPRD Sumsel Dapil X Hasilkan Rekomendasi Pembangunan Infrastruktur jalan - beritaoki.com","Reses","Seluruh Anggota (Reses Dapil)","Jawa Barat / Terkait","Sat, 18 Oct 2025 07:00:00 GMT","beritaoki.com","https://news.google.com/rss/articles/CBMifkFVX3lxTFBXNUlDSmxNZngwM2VnME5MUnRTbnBNM1VoRzAzUHBlMkZqdGxHMktzWmxNUkoyRDJfcGlaaE4zV0ZGaHg2Ukc0Yl8tUlVMRnlGTmJaWGEwR3VMMFh4bVl0SDJ3SEMtVWFWVjd6R3RqVzFBTUNxbm9RRG1iaTh1dw?oc=5"
"PD-158","Dari Masjid hingga Jalan Gang, Yusuf Maulana Bawa Aspirasi Warga Sukabumi ke Gedung Sate - Sukabumi Update - Sukabumi Update","Kunjungan Kerja","DPRD Jabar / Pimpinan","Sukabumi","Fri, 03 Jul 2026 07:00:00 GMT","Sukabumi Update","https://news.google.com/rss/articles/CBMi0gFBVV95cUxOU0lGUC1nWWZoSVloNjhtZnM2dlFCalczV0RxLUp3R2hldXpHcExOMGxmVlFBLUFnS2JVSHJOWGN5WkFVbGNGYlBLcUdIX3VVZEh5XzNXamU0akZzY0dVTU5kU0ZldmEzVVBkY2pReU1YX280S1daR3ZZOTRUeTI0NFVtYndMNWp6eVlmRkRfZ1BXZWtpNi1LSkpCNzlmNXRodDBiN3Vud2xGd09qZWtfSFZzQWJGcFJwLTJqSWZTa1NvYzNFQy1sLWV5OEV1NFZsTWfSAdIBQVVfeXFMTXJ3eE5NY0kwSXRHbWpzS3hmQ3NmNzNST3ZGZDY4LXNod0dWMGMxN1lVQzQwUFNPbERkQkNjQkdyd2RmMHV0dHBLcl82aGdnc2dhSmliamZWd1pGQlpqRklDZi1oeHM4bXNKX0FjRVEyejZybmJxVVlOa2swUWxKZzRmNXFRM1ZQbkNWRVZPWnVGZHotQm1oQkMxZzBCNXJnVzdQejJTVE5qMThtWW56THdRLVdvQ2g2b191R3M4aG5Ea09Pc1FvamUtM2ZHVUd0blpB?oc=5"
"PD-159","Sapa Warga Lewat Budaya, Yusuf Ridwan Dorong Pelestarian Seni Sunda di Sukabumi - Sukabumi Update - Sukabumi Update","Kunjungan Kerja","DPRD Jabar / Pimpinan","Sukabumi","Sat, 06 Dec 2025 08:00:00 GMT","Sukabumi Update","https://news.google.com/rss/articles/CBMixgFBVV95cUxPZG1tS3o5OHo3UU1FYXM5ZDAza3RVNS0xOGVLSUFwOXM4aTRENmNqWnZFdnZwTEZNSDhIOFVwcXQwbWdfODdLMUZlTFZ3aG1wVnJwUHhqZVRBVWVQMi1CU1ZLT2FiUVBTX2o1QUVUaHpDUmt0bmdKXzk5WkJXcjQtYm5GaVVZVXRUOTJJeGxOalVISEJZdGhBbUF2SEJ0T05HV2ItaWwzUUFGTjRKUXFTVHlCajJsMnVtd3dwZVpwUzFUTl9ZRmfSAcYBQVVfeXFMTjJnN0tKUGVOdHVFV1JwOHA0aXFGNHNESHA0MlVMUENZX2xVcUNPcEVxQ2dUVVJoZE9tbmUzVFk5Ti1RUUFNRWVaSmF3WXRUR2lBYWlaYU9wY0o1X2t1N0RudUNVdWNsakhEZUJGc2xlZzVfa29MVE1XRzJKU3ZzZWFjOEdadjhfYTllVnJWR1h3T2ZaYW52c3VTejhhWllpZDdTcXZWV0ZGWGxqUkJOMVFTakpLMmFKTUlTejZhN2JHcXR0aV9B?oc=5"
"PD-160","Temui Pelajar di Cicurug, Muhammad Jaenudin Ajak Generasi Muda Berpikir Kritis - Sukabumi Update - Sukabumi Update","Kunjungan Kerja","DPRD Jabar / Pimpinan","Sukabumi","Wed, 25 Feb 2026 08:00:00 GMT","Sukabumi Update","https://news.google.com/rss/articles/CBMiwgFBVV95cUxOS3oxT3V3TWQ3eXdiTDN4d1o3QlRrWDRWbnU3YjNvX0hUTG1yQ1NFRFZLa0RfblVJZU1lZ3VKZ09PNEFROUZrVFJBblY1d3NSR0lMXzVWVWtOa0lHRzBGejV4SWNydmpGM0t6VkY4dk5SRWo1Smp0dFItUVRUTUwxdHNGUHNlbWU2WGRrNjFCNUpRR3A1VHVVZi1XV1lSN2l4ekE4UjNoR0wxcVZDM3JFWTQ4OUM3S3BfUkhZMUotbXJKd9IBwgFBVV95cUxPVzZ1ZWREcm8tY2RqX1dKR3BUOUhIYVdDQXpPWW4tdmtGeWJwV2RjeTd6cFNpRmlqNWh2cndaRm9GcE5fdTdOM3MyWk5JNzVVLTk2MUNITTJtZkZkNE1lWGJmV1hDZnBDTlJCVmpXOWNwX2hlOVJpT3c2MC1RRE42N00taUcyZUhkTmpoYzFOU09maTBwMlJRQ0lUUTdJUGJySkw5VTZUeXU3WURQNDR1d1hIYlVDZmN6bGtqdXlDUTBDZw?oc=5"
"PD-161","Hasim Adnan Kembali Pimpin PKB Sukabumi, Bayu dan Saepul Rahman Lengkapi Posisi Inti - Sukabumi Update - Sukabumi Update","Kunjungan Kerja","DPRD Jabar / Pimpinan","Sukabumi","Thu, 11 Jun 2026 07:00:00 GMT","Sukabumi Update","https://news.google.com/rss/articles/CBMiygFBVV95cUxQNDJFWXhRUkVveS13YVo5eURxekg1VnNZWWphNkJUdmQydlYxdTFqNzhpNFFISW51V0FNZ3pmYlJxRmtXTEtCYVA3Uml6UHdpSno4eHIxeGxPd251WnV5RFBUVV9jTUlBYTNETGZzb1o3Vi1weGc3NW1CNWVqdVltWm4zc0syQjJGWUtGLTBvTHNRVExTWW9pVlJ4V1FBYU43Nm5XWmphZkVTOHpHaFhud3lLT3VFbko2R1FaZnhncGx2RXNBZllNaGNB0gHKAUFVX3lxTFAtVFRjRXBPajR1REJLXzlKU3dsRVpvWGExN3dRb0tNT0M3VTB5LXdPYWxVemtLeFpNNmNRaFpCRlZ6SzNPcV8yLXFDM0JXbkxtX29ETG9QQUZEY3J2MGlqQk92dGw5V3Q4SUtUclB3LWFoVWRTUnMwRndrRVR5WTl5YXNlcXRodi1OdlEyeEZFY24yQkVXU3l5d2drZWFpbUhBbnV0azkwLVFsczExYVEwYm9qMHMzZC1SbWo2RV9lWFBSQS1URWZJeWc?oc=5"
"PD-162","Ade Puspitasari Ajak Warga Aktif Sampaikan Aspirasi dalam Kegiatan Reses - Pojok Bekasi - Pojok Bekasi","Reses","Seluruh Anggota (Reses Dapil)","Bekasi","Tue, 10 Mar 2026 07:00:00 GMT","Pojok Bekasi","https://news.google.com/rss/articles/CBMiwAFBVV95cUxQaFpaSUMtNi13MUNaRTI5WjBmMWJKMWJkaWhiSGFrN1M5Z0RSX0d5WTV6RWFlTWloSHlnR1puSTRGVXRMRnlCNU9xcEhqQTVaZjM4YmFwQkZZYmFWNzc0OTl2OFVrNTdxQWI0V0NIWlRyM1QtWW8zZGkwVU5NRzBMWFhiNUdFNXAydzR4NzFJd09ZVHpwYjRqSXpFVkpISjIwaThFdzNCM1RFdE1ya00wMW5rWm9HNTRRNXkwN1g4ZlPSAcYBQVVfeXFMUHBNWTRlaVMwaWhNLUx4Vi1TUGR3ZTJhazBkSUpIWFZSX0VWRUdXX2NuUlE4U0ZTZkdfZ0djcHplOU4xMG05WV9KQmVjZUs3U1d4SENWVEUwU1NDWEI5V0ZsX0FkWTFIMFgxSk5oMzM1RXgwMEt4ckRHaU55dVlLdzF4VUU5Tm5pMnl0ajQ0VkF3dFg5N2xHQjlkMVd4M3pmbTJBN2poNUU4OFlEWlZUbHlJMVlPTjJlNU0zSVJCVWJTMnBhTm1R?oc=5"
"PD-163","Akurasi Data Desil Bantuan Sosial Jadi Sorotan Utama Warga Kaligawe dalam Reses DPRD Kabupaten Cirebon - Jabar Publisher","Reses","Seluruh Anggota (Reses Dapil)","Cirebon","Wed, 08 Jul 2026 07:00:00 GMT","Jabar Publisher","https://news.google.com/rss/articles/CBMi2AFBVV95cUxNWTZwN29VcnF5eU9TampWczluaURRTkdrNEJySlVaZ1RmRG45WUhfWGVncUp1Qk5palNiOUZLVEFmZHBhTnhSMFlpaWZIUW5QRzc4eTJFYlJVLXZuWmJxZmJYOWcxOEYzNzY5Qm5ENE00SUFTSVlZNUdnRFFWZEpQdThmZlJaVUpuc0lsaHRTUGg1eHNGV21STFU4S19oem8yZHdOMHJvaEpqT081VmhqSk5xSW9ZaVdraDdGOHBnX19fdUxMQU1HNkxhVmVjUDcybU11dDk3a3U?oc=5"
"PD-164","Komisi I DPRD Sukabumi Dukung Pengembangan Potensi Desa untuk Tingkatkan PADes - Sukabumi Update - Sukabumi Update","Kunjungan Kerja","Komisi I","Sukabumi","Fri, 12 Jun 2026 07:00:00 GMT","Sukabumi Update","https://news.google.com/rss/articles/CBMizwFBVV95cUxNS3ZMVGkzcWFUNDZpYU95RFV4N2RFWEYzazE2V2hkbDZ4V0ZFQlBTTjFRWDk2Y2M5OE1JMFFyV243MjFMS2xsVjc1OEVqTS1kTEIweV9xZ0JaRHhWdmFXb3FyaXQ5WUc0cFRtcGdjMzJoRmxvZ1dvWlM3U0ZoVVRkaTdOQmgtQVNsblZkQXRxZU9GZnBWM1kyOEo2QmNKdVlnWjdfd1NTXzk0SVJZSHhiUHVrbFkweFdKenNpQUtZYkhsMVZJMl9SbS0wLXFyWlHSAc8BQVVfeXFMTVRraXJmVHlMV01md0h1SDRubTk0LVp3dTZxVlM3VG5CQ0Y3TTRhLTVtNy1mOGo0RXVyMmh4S19JSHVsMmZENHpvNTgzNXRjU3FJZXpXZUZmckFxQWI2OV9LSmhQZGZld2sxMURrQWdiVi0zeU1wdDN2Q1gxa3lXb3NZU2J3VWxOUEI2S0lUN2ZWTmRabEQyZWpUSFRJWVFDOEh2Nm1xVmZ1QW5GcVpDcWQ5dU5ENmJZaHpWUS00VGhhalFBRDhIQUxQbFBEQ3ZF?oc=5"
"PD-165","Lina Ruslinawati Tampung Aspirasi Warga Desa Cidadap, Infrastruktur hingga Pertanian Mengemuka - Sukabumi Update - Sukabumi Update","Kunjungan Kerja","DPRD Jabar / Pimpinan","Sukabumi","Sat, 13 Jun 2026 07:00:00 GMT","Sukabumi Update","https://news.google.com/rss/articles/CBMi1wFBVV95cUxPOEhiaklHNXNlNEpsSnN6cnVpQmlFdEJrdWtON1JkVkFNVzNDMmRvQXVjQl9QOXhyM2NPd25pcnA4dFphWGlIUTc3YjBTWjZnbE5hQzJJTUItZEgtaG5kbWZzNHB0X2I4SUtpc2tTWjZnektPaXFRZTlzQ2U1YXFjTDZVLWs0RFpXV1FtdzF5YTkyZWVpY185NFYxZ2xPc1pWOGo4d1J5WEE3eU90RlYtdmNBVUZvYmxBYm14YXFLUXpjbDZYY054S0QxbnRaVVp4Wko1ODU0RdIB1wFBVV95cUxORjdGS3pEcmZwbmhmTS10OV9xVjBEVmhoeDBoOU96UjhDdHRJcXFVSlE4ZV9nT3loZm5qakRpcmgxSlU1QktYM3JTT3NCblYwY0FDclBIN1Jra3RLYWJaX0cteHdzNXFtSFlyend6YjZaM0pTREFPUDl0cW83MUVPcjk3bURjVVFoUjRSNjBqYzBUOWVXdnBaVERiWlFnVTdLTHZnUTJTb0c0dUxCb00xbF9KWDlOSFFDdGQ0elhUdDd2ZktUcmhub0c1VXZQbXYtV2lHcVE3Yw?oc=5"
"PD-166","Anggota DPRD Kabupaten Bandung Linda Herlina Gelar Reses di Desa Ganjar Sabar, Serap Aspirasi Warga Pembangunan Infrastruktur - Aspirasi Jabar","Reses","Seluruh Anggota (Reses Dapil)","Bandung","Thu, 20 Aug 2026 18:48:00 GMT","Aspirasi Jabar","https://news.google.com/rss/articles/CBMihgFBVV95cUxNVjBFbW1lZlh2bWg4NmRlYjhjb3JRM2twSDVkU3Z5bjcwU3ZCOExJenI0b3BaMC1SVXZZZjhMNjVDUVA3SkZSbUt2enZpOEkxLXE1TzVUOE4wUGN5M0U3TnlDWElSaWVMczE4VzUtUjVWTHowSDZYUGxGSERZNWdkeERteE5CUQ?oc=5"
"PD-167","50 Anggota DPRD Subang Turun ke Dapil, Serap Aspirasi Warga Lewat Reses Masa Persidangan III 2026 - mediajabar.com","Reses","Seluruh Anggota (Reses Dapil)","Subang","Tue, 11 Aug 2026 16:44:37 GMT","mediajabar.com","https://news.google.com/rss/articles/CBMiygFBVV95cUxObG9WTTZPMy11WlRETVh5Sk1HMmZrOUY0ZmJ1S05QYk9HV202Y3VGYjBIRkNhUGtMQU56YzJPdnlITW1XLVZxN2VfYm1QN0tOdXZGWHpBTkdaWjVYdkZ1TGZrc1hDZ3NxaGtfNHNqdW1VeHNPUlIwVTV3WVBpcTh1WGJIdkNhUXVMRWJYdk9xUWFXd0lwQUwycy1YLTZqMndocDludEZBb1U1ZDZMVktxSmpJNm81QzVHZ0R3QjJUeHdzd1VMV0JhdS1R0gHPAUFVX3lxTE92OGg3SmU0YUJOZ2xWQlQ1YlhiUVIzdGgxTmljbUZOMmE3YnkxTHpDNnVjVWR2N1I0MVFIcHlHVXljMjRyZW56YkxCdEF0SlhkTzF4SzFjLU9ZWWdseFZtQUxjY2M0SjZLWGhrN0hCUFhybkY3NTZlRU54ejVjSEMzc29jamdValFPcGo1aG82YVVJblgyR2ExTUFZSEhub1A1UUZmLXJWXzdsbVJCMmlBQ1hCTjZScHRMTTducmhVNUFzOGhiYVRpcjR2RTBraw?oc=5"
"PD-168","Reses di Desa Cisaat, Lina Ruslinawati Serap Aspirasi Perbaikan Jalan hingga Bantuan Alsintan - Sukabumi Update - Sukabumi Update","Reses","Seluruh Anggota (Reses Dapil)","Sukabumi","Fri, 12 Jun 2026 07:00:00 GMT","Sukabumi Update","https://news.google.com/rss/articles/CBMi1gFBVV95cUxNRENIelJhcG5RQmR3cW9MWUZpMHdidm9wUXFydXJvNDRvUDdITzlweXFJVUpWM0NCTlpRc2hVT1lZSF9rQmlPbWpCSWdnd1BvOFNJdlRZdkdWZm9FTUxGcldKb3NJRE9zSlIydzBha01pOXZwVjI5b3IzYl9OYkU2cGFwWDZSem8xMzJ4bmpUQ1BhaHVoSUFsQjZsNllUcVkwQVpvZUpQZ3RhcVo0NnptN0M1S2RRaWdJLXI5NkJ6QnljaWU1WF9hSWZJVEZUMmJjR2l0RjNB0gHWAUFVX3lxTE1YVnloaXA2MDJuWWhMWnhZZXlTVXdxekFvdXp4V2VWYzZqN3VqR1BaWTc2UGEtaHNVS21rVGU1TUk2ZkRKel81SHRJbG02MWxFakhHZnoyYXV2T1hpUHhKeTM4cnNFOGdyX1ZfRkpIVlU1VzNRSEtJWTFqS2V3RHN2Z1hJMk4tT0h4cDV0TGd1dFVySGxjUWJvMjFXNmtnWXY4LXhHRV9fWk0zUUstQ1Bjcnh0TFdDelVHdkh5OFprVGtLaV9oV1dUTHh2YkhqWkRnVE4xSkE?oc=5"
"PD-169","Jaenudin Apresiasi Usulan Ganti Nama Jawa Barat Jadi Provinsi Sunda, Dorong Kajian Mendalam - Sukabumi Update - Sukabumi Update","Kunjungan Kerja","DPRD Jabar / Pimpinan","Sukabumi","Fri, 03 Jul 2026 07:00:00 GMT","Sukabumi Update","https://news.google.com/rss/articles/CBMi2wFBVV95cUxQcTVCdXJ0MmNlRUVYaUF3ZHJESWlKZkRvTFhic050ZGVJV3lGY0VRMEJKU25QaFhza2NWVzNyb19NRGVXdktQRzNRRVdsNjBPRlJQeHZLLWUwRkh5Y3lQTlJkYXpzMGllMF9nb2hwcmV2dy16dmgyY2d1OUVPRTlwWnBDYlRLanJud2NHcUo4ZnFqa3JYbWVFcHRJN29RX2FqY3FER25IOWRsTVVTUW5sTUpvRGVaVXNqWW9LbjNIcXR4SmVQVng4b0JpcnU5MGlzTzZvZUEzV0xJLW_SAdsBQVVfeXFMTUM4X0RiWDE4Ry1xb1d3Sk54cHQ5dmNTVnQ4SDJuTnpFV0xkX0swNXRZd25RT0dmTHRkZ1pRODNHcXFSa2FEYmtiaGNkbjF0TGRmQ1pKTlowaHB2R19FUnlBRE5lQzlIaFJiN0hCSS1tMXZTY0paUzZKWXN1UFNkSjdfQ084aU5YLW9tdlVkX1NXOGhubXJSZVBCczFqLU12NHRpTUZsX2N0SHNyaVk0T2hPdWxlMFhTeklCcmxwUnJQRFRzcUdzWlVxVlgyblgyT0owX2Q2S3p4UHNz?oc=5"
"PD-170","Kenaikan BBM Dikeluhkan Masyarakat Saat Reses, Tedy Rusmawan Desak Pemerintah Kaji Ulang Harga Pertamax - Radar Bandung","Reses","Seluruh Anggota (Reses Dapil)","Bandung","Thu, 25 Jun 2026 07:00:00 GMT","Radar Bandung","https://news.google.com/rss/articles/CBMi2gFBVV95cUxQV0RVLVBXbW1SVks3dFgyUmtWTjItVmhvZ281ZXVkeU84cjBHX2NZa3g2MFdDMVh1SG5MTGd4dC1SVWpvU0k2b2JkTkFWdTl3dExsNEpfcmFsM21ON0d5SDFsVkREMDJoa0xpRC1paUFELWFiMUlMNWZtVl9pbzNZM1NxNUx4Sm9zOGNUMFh2dWR4aUFmT3VTZ0NpV0R0ZHB4Mm1tRmV6THlpUndtbzVHbWg1WFQ4dWoydHF3akVxSzA1TkwyMy1CLWNzam9EOEhYUEwxdFpKeU42Zw?oc=5"
"PD-171","Temui Warga Muaradua Sukabumi, Jaenudin Paparkan Program Prioritas Pemprov Jabar - Sukabumi Update - Sukabumi Update","Kunjungan Kerja","DPRD Jabar / Pimpinan","Sukabumi","Mon, 29 Jun 2026 07:00:00 GMT","Sukabumi Update","https://news.google.com/rss/articles/CBMixwFBVV95cUxPdkowVDhNcl92TW4xUUZTNmMxdFFUalA2eWFVX1p3bnJvamFMcThIeV9KMjhVS2MtQXVlX1JOcnZ6LURIczBmU2RiMlozdHlNUmdCdlVDUzdYSnhlZnBfR1FJRFkwcVJjMVZJT2FXcmo0T1RLT0Nxb29wdjFJdmlmSUVZU242Xzk5VEVFMFZ6ZGdZazVyd2h4bDJzdzRuS1hKajlrMFNsanctRUxXeG9FcGhGV295YmlpN3ZNZHZBWExNdUxPN2Q00gHHAUFVX3lxTFBPQTFySzBkTjZjTFl2MXZ6UjlJSDQ5WHVmRjh5THVQMWlicmc4QWxSbzh1b3Jfb1FTRU1JSEhkQWpkamI5MVYwVnVoVjFRMkpJQld1NTBBemRSaTdxM09IZHI4cEdvSkJXOE04OTFhekEzUGFpVnZEc1NoVmFXeUFISGQzcnFCenRnUmk4YXg1c19TdS1YaUhQbjJYMXo3MF9JQThIWFlWYm5HLVkyeEluWGJLU2ZUemhBaXRPZWFNbDNWaDNyMHc?oc=5"
"PD-172","Tampilkan Wayang Golek, Muhammad Jaenudin Sapa Warga di Nagrak Sukabumi - Sukabumi Update - Sukabumi Update","Kunjungan Kerja","DPRD Jabar / Pimpinan","Sukabumi","Sat, 11 Apr 2026 07:00:00 GMT","Sukabumi Update","https://news.google.com/rss/articles/CBMiuAFBVV95cUxQem5oc0V0c1FFT1g1VW05Ry1UWTBKVmpyMGhkUUpHMFlVR0haQ0s4OFpXYlVxNHdKY0lCNlhGaWpyR1BjZkY0ZjE2MjVlWkJ2M25ZZ3k0aFU0TVUxclJfcVNFQTdrR2hrb3cxZUFWY3RhX29mTk9tbnptMXNjUWdJSVFkdy1fcC1vYVVQWUowZ1FleG00WmU5aERJSUdyOUxwTExFTmtadUNRV0s5dXlfNVRKMU8ycS1n0gG4AUFVX3lxTFBYMjRjV212TTdJUDZZaDE4N1NhZU5OQU9hVUtiMDUxd2hNN1lHb1BYSVNWMk4xOXpOQ1VpcF9oRllIMlhVTGpRM2s3bDI2X1RlamdIS2RqVDJreG5hWGVjN19PeHFrT21JV3BuS25WcUZaSjJpak1PZTN3UDVUbTVyRzBWeWtMTnU3M21MUHNTS3Fia3lUMHRBV0xFZ1IzWGlJSmwybUczYlRkamdTcnNfeUNCWGdIRnE?oc=5"
"PD-173","Dehan Serap Aspirasi Warga, Soroti Masalah Sampah dan Infrastruktur di Reses DPRD Majalengka - Pikiran Rakyat Jabar - Pikiran Rakyat Jabar","Reses","Seluruh Anggota (Reses Dapil)","Majalengka","Sat, 30 Aug 2025 07:00:00 GMT","Pikiran Rakyat Jabar","https://news.google.com/rss/articles/CBMi4wFBVV95cUxNcERreFFHY2JpN2lIcTFsN29hUG9NSXdtMUdSWkl4Sk4yUS1lOU1zNmpMMEdYczFRN3RrMF8yS2UwTnpNd2FyNFVZaXlyeWEtUkFueHdBazdaenI2WFJxTEttYVFnay1lc29zUjRxOGt5V0JjWnVxMjR6Xzh5RkN5QXBuQ2xUc1QwZU02MmNNVS1RZ2FFOHNVMFdPS0RUVG5LVWRiemE4YzYwSlRwbHFIVDVRbU9JcjBnN3pKY2trQzRzSGR2Qzl0MHlqdUZBcW1yUkdTdUJSSnlpRDdoOHlIX3NRWdIB6AFBVV95cUxNMlpSZ1otZzlhcXJ6XzNrb05lRWdQRG0tZ1Q4eHNlUTlpSE03M3Btb29CbVVKMGRRZTUzUGljT1FOUW5VS0JpX2h1MU9QZ1cwUW0xOWMzSC1oY3hiUmlFUWdPOS1mVFFYUDlTUjVrTDM3MXRLTE5VR1hhZWVvZ3FCNlQ1Zkh2SFd2VjQ1S0RwZTdPUFRMeENUVUQ3VTJacktuOHdYQ0Nua2tzODg5UUtHWVdLX3ZqS1BsT3BZTEJtbGFLWVJjZEJZSm5DNm1mQ0lCM2wxQW5OaFJxeEhtcHB2ZEJpRVB1S2lX?oc=5"
"PD-174","Komitmen Fraksi PKB Jabar untuk Pesantren dan Tanggapan Soal Hak Angket - Tribunjabar.id","Kunjungan Kerja","DPRD Jabar / Pimpinan","Jawa Barat / Terkait","Fri, 17 Jul 2026 07:00:00 GMT","Tribunjabar.id","https://news.google.com/rss/articles/CBMixAFBVV95cUxOTVNvMWRNSFd4MENUMDF1azVJUVJJTXJHNkRwRlJXcjh2b01GajBkU3l3Nzh2VHdqVnQ2emlkTFVZYlZuZ2p5OWVnS0huMlJFMTlzYWwtT04xa1RQT1FXVnpQOWE1R3VfWFFIVHVUdFY3TU4zcU5mYnJ2c3pTd0V3U3FRWEQxOXlkS1lUZUV6cjBBMTg0c1NFTkg4MXlxN21uMmlKT2ppOTdqRno2SzZ2MWt1a3J3NDd6TkV0NDIyRTVidVhW?oc=5"
"PD-175","Muhammad Jaenudin Dorong Penguatan Sektor Pertanian di Mekarjaya Sukabumi - Sukabumi Update - Sukabumi Update","Kunjungan Kerja","DPRD Jabar / Pimpinan","Sukabumi","Mon, 16 Mar 2026 07:00:00 GMT","Sukabumi Update","https://news.google.com/rss/articles/CBMivwFBVV95cUxQclBSekgyeUY2NVZITXpGeHFxeFFKbVl4djZRSEhMMWVpazVVOEtXZnVpY3FXZGU4WjR2cW0yRFNGaGlqU2h1eVhmLTNZSXloaFZzOUVVUmZoTjE1NkVmZWFiV0xMUXNJTW9XVkZNRGdNbXhFcWZrVzZUY3BsN0hWRVdSUmw5WUVjNkY4SE5GRW5LMGJ2TnU1RnJtU1dGSGd3OVpaNlp0WDBUMGZXam56M2pwaVU5alpXVHVra1hrZ9IBvwFBVV95cUxOamJ5cGZteXFTX1VhNmNaNmhFTWhvZ2JnLVVEaTVVbHF6MXVfUGtvcnNsMjVmUVA4Z2VpMTlFa0lwbWFKVjNMb3BQaWEwQlJaTXI0OW1FMjNpS2w2aWZjQzVxbzdPZjEwaENYLVI1T0ZsLUhVZm4zTF9VZUVKcjU2VXZreTFQaWZZTzJrS2JRMFl6bHdWMG9DTmxTVXRIM2owWGxNZ3hQUWlha19JSnMwLWNRaUlYUk9QMXpfdklHRQ?oc=5"
"PD-176","Dominan Reses Permasalahan Infrastruktur, Kata Firman KUB hanya 80% - Bedanews","Reses","Seluruh Anggota (Reses Dapil)","Jawa Barat / Terkait","Fri, 21 Aug 2026 06:47:06 GMT","Bedanews","https://news.google.com/rss/articles/CBMikAFBVV95cUxPc24tVW9vc19WZTBpZUJybERZRFZyU09oQUJFUHlldS0yTkxVNXVJcW1wOUdobUlMeWhjWUtVdnlSTmpQd1o3S3BpNGRDeVFoN2JtMTRzQ00wRGJDWW9SM19iMEpxbTBpYzVmNUlYM19hVkFIOTIxR3daSjlIMUhESGRvckJMdDFiZXAyUUoycEI?oc=5"
"PD-177","Anggota DPRD Cianjur Diduga Gelapkan Uang Reses - Suara Desa","Reses","Seluruh Anggota (Reses Dapil)","Cianjur","Tue, 09 Jun 2026 07:00:00 GMT","Suara Desa","https://news.google.com/rss/articles/CBMiigFBVV95cUxNSUpZM0dmVGFMeXUyai1zMXh6Zm11Z2loM3d3YWNBdjdLaDM0bDhLNDY2eU9LVW9acFpUVFRIb0g2eTBORjkweXBIbHJUakJ5UXQyMXluZHBZRjlzUFFyUnRfOWtRT0dUS180NE5OMnBiTkxZVTdEdVFNUnlkSGtQWEh6bURGRFlWclE?oc=5"
"PD-178","Suami Anggota DPRD Provinsi Jawa Barat Fraksi Golkar Diduga Intimidasi Wartawan, Reses di KBB Ricuh - Desk Jabar - Desk Jabar","Reses","Seluruh Anggota (Reses Dapil)","Jawa Barat / Terkait","Sun, 19 Apr 2026 07:00:00 GMT","Desk Jabar","https://news.google.com/rss/articles/CBMi7AFBVV95cUxPVUdRMzNTWDVYelJDSjZwOFFzdE5jOUUzRjF0dGNzMWpidUYxS1NoWEozanVZQ2l3NEc0SDl2U1Z1dk9OUWc4bEE2RDMteDBQbkQxbWVLb2NuYy11VmRyOG5GU05PWGtJaVkzcGRvbEdfZE14VjJFZkVIa21ta1RIaFpITTdHOTFkeVhZbndLX2k3ZXF4V0k3T01Cb1VQN1FiWDBvT2hPS09XU05laVJpMGV2ZGxMNnpUSUktZzlXakppRjdROW1TdUx3bDhqT2Jxd0V4NW1kdEJtVmJCaHZOMmhWZUVkRFhkZno4T9IB8gFBVV95cUxPQkRPY2RidzJ3dWc3WDdXYlNaVy1xVWxuYnk0bGczamVUV0RBc2J6SC1zaEhlUk1NNXoxbm83UmZjUUNBRmVxWjhfMmRaSm5mc0FSNVdFRmhsM3UwaVhaTDc3RGJLdk5qeFhkR1ZRVi1SZ1hNRnpGQ1hjLW02bDV3MFBzN1FCaU1ad3dfam9DQUhCcGZYd3NQMGdMY2laNFU2T1hyaTNkOExxT21xYi11MWYwZVVQbF9ySTFfVWEybVlmNGwzRHhIT0xKMFNtMnBoQ3NCLXNNYzQzN1d0eV9oZEIxYTZpX2M1OE9nRkpGWnBHdw?oc=5"
"PD-179","Desa di Sukabumi Dapat Mengajukan Jaling dan PJU Lewat SIPD Jabar - Sukabumi Update - Sukabumi Update","Kunjungan Kerja","DPRD Jabar / Pimpinan","Sukabumi","Fri, 27 Mar 2026 07:00:00 GMT","Sukabumi Update","https://news.google.com/rss/articles/CBMisgFBVV95cUxNNnhPcTVOSWtjZHZ4aGhZRng3Rmo0Rm04Z2cxdzZPTUFFUXlEbXRlTXdRVmVvcWJPdU1KZWJhQTltTlNKLXJXRzZiTEJkWVJ0bEtjSHUtM2NyUWtwbVJwb0lYR19udnh4YkpfRkt0Z25xRHNzck80NGc4TGs1elNBLTR0cU93eXpYNDFJSHE0SEs2TFBqQ2REOVBxNVIxZ1lzTnhiRHppaC1iUURDbnNYMUpn0gGyAUFVX3lxTE5TbmlkdDVjN0l5TlBLeVliMjFiVjhEd1FSTk5IRVFDNkFmRzBTT3ByWGtqejEwY2NwVkU0RmtpaU1HT0JwNWRlUWZLcG1JN2VOOFl5UmcxS2JFWk9CLTJSUWhnN3BvR3J3LVE3TklHX3pzc2dLVzJ2WGxCbDFDQ2lrZ2NPZTdnNnpKZHFPeGZyNDJIR0FUYUpFMmVaREdUN3dDMEJLSkx1a0IzYS00SDZRY1E?oc=5"
"PD-180","'Dihujani' Masukan untuk Pembangunan Jabar, Sekda: Kami Terima dan Tingkatkan di 2026 - RRI.co.id","Kunjungan Kerja","DPRD Jabar / Pimpinan","Jawa Barat / Terkait","Tue, 14 Jul 2026 07:00:00 GMT","RRI.co.id","https://news.google.com/rss/articles/CBMiwgFBVV95cUxQTzZiV016TTQwaVBTQTdlRGxFUFBhQnhxTmdka0tCNGdxNndLS2NSTy1nbUw3cDFTTmgzZkNXWTk2YlY4MXBRQ2hoMnY0aVJ4Vkd1RnBGNHhSQktxRTQxZ3VkV1paTURfVU5naTA2ZHZjZWhGTkRneGRiVWtLZFh4TkFXdEdKYjZNUTBYNGxCNzcwRGJ3Z0VULURjUnFaejRtcWJfa0g2Rm14T0tKTXlaMHZxY05JWjNHb0JyeEdPWVpxUQ?oc=5"
"PD-181","Legislator Jabar Toto Suharto Kawal Pembangunan Desa - RRI.co.id","Kunjungan Kerja","DPRD Jabar / Pimpinan","Jawa Barat / Terkait","Thu, 26 Feb 2026 08:00:00 GMT","RRI.co.id","https://news.google.com/rss/articles/CBMiogFBVV95cUxNNVVZQTUtV20xS3dHelVhb2RXYXViOUszZmNyV1M3RDVLalg5S0dHSlRIREp5WW0yaWZESVFZYzFSSk1QVU1iblZqaVFuMW9EUWVUWVYwc1pXVkQ3dlE5c09mWHAtREpVU0NSWlNTblRqNVV4bFhpZzA3d0t5RENiLVRTNm8yTVFLT2ZJenRHYmFPX0JBbkExYVd5X18wODNzMkE?oc=5"
"PD-182","Anggota DPR/MPR RI Herman Khaeron Gelar Kunjungan Reses, Serap Aspirasi Warga Sumber Cirebon - faktanews24.com","Reses","Seluruh Anggota (Reses Dapil)","Cirebon","Sat, 08 Aug 2026 03:10:59 GMT","faktanews24.com","https://news.google.com/rss/articles/CBMi0AFBVV95cUxNUE5fUXRDdzUzNVdBSk1pQng2WEpJeDdrMk9LWndJX1lwT0ZYNjJBS24wcjVNa0JMUklrbFRXUnduUkNxQWNqZS03WkMyMFk2VnZtNzZjNV8tTG5LNlVLSlMxR2Y5NXBaX0tKbmZmZ05yOG9SWjQ3VUsyMjlSRzBWcGNYQWo1aVhVeHp2dGJ6RzBic1QtZWRjRW4tcXNKWGVtUmlNanJTTkh3QlhuclRkNldkS1drOERUZTBlR1pGdVJyS2JTZzh4bjFIYUJQOUpn?oc=5"
"PD-183","Reses Anggota DPRD Depok Siswanto Soroti Potensi Ekonomi Setu Citayam - inijabar.com","Reses","Seluruh Anggota (Reses Dapil)","Depok","Fri, 03 Oct 2025 07:00:00 GMT","inijabar.com","https://news.google.com/rss/articles/CBMie0FVX3lxTE1BV0F1RUYtV0FnQmN2bHF4NWVfOW9fMnNOODdiYUJYaXhwYnB2Z29ERUZRYUtndmcwLXNDdWpDX2JwS3NuaHFnV0o3OXRJaUxVMmh0V19aZ0p0Y3U4QUkxQXA3S0NpLXJrdHVmWGE3R0pfMHdxbnBoand3aw?oc=5"
"PD-184","Dewan Jabar Haji Aka Respons Gelombang Unjuk Rasa: Saya Tetap Komitmen Perjuangkan Rakyat - Sukabumi Update - Sukabumi Update","Kunjungan Kerja","DPRD Jabar / Pimpinan","Sukabumi","Thu, 04 Sep 2025 07:00:00 GMT","Sukabumi Update","https://news.google.com/rss/articles/CBMi0wFBVV95cUxQdWxhRGxDZnk2T29OWHZ1bWZXZmQ0LThDSDZPSXd5ckVkbnhsWDdxSFVOT2ZFbUt6VXNnMUY2S204TkhKQTh4UjZGM0ticzlKYlhSb3QyejFzLXdNR3JfQnNMekc3UUc0b1REZDBnOXh2bWt5NG9ONVZKd1NZdWMxRVkxUklyd3VvNEtHSmo3ZnJWWXBMUFhPX1ZiTG5YYUpLcXlpRzFJelhGVktGWV85NGFwR2hXVzVYT182OWYyNFY1dDhrcllmWEg0MVpVVkZyd2ZZ0gHTAUFVX3lxTE13cER2WnkyLWhMNE1JZHFhMUdFQ1ZjbmptYXR1MmJWbDEzMGo2WDBReXF6a0otWkpDVzJyaVpJRDVDR1lzQUcyS1diaWNmN0NKRXBvZnVGUXJhLVBFbkRINnNJTFlFYWd6dnU0V094UjdLR2pieE5ZMlRmV0JoUFk1Mk9CbFJ2WTdUNktwb1FWQ0NRWU1BWHRoX05RT09KV1lOTzF3dTFaZFFmOVFOcEFrcDRkR19DU3E4T2FLeGdrU3ZwOFlDN2lZZ2c0UnlYVVFxZHM?oc=5"
"PD-185","Reses Agus Setiawan, S.H. Tampung Aspirasi Warga Dapil I, Soroti SPMB hingga Kondisi Sekolah Swasta - Giwangkara - giwangkara.com","Reses","Seluruh Anggota (Reses Dapil)","Jawa Barat / Terkait","Thu, 20 Aug 2026 11:14:33 GMT","giwangkara.com","https://news.google.com/rss/articles/CBMi2gFBVV95cUxNbnZ6Z1U1dlI2cTl5ZlBYY2M1UU9hOUVvNU1NRGwxUEcxa2VDcFRVVXhKYVFHMHl0RVAzUDgxUHQ5VEdVb3lVZVhEdTlnREl5V1VTeEE4MlpySG9iR3g2Y1ZNWks3cUZaMmdiNW5oazl5bmJoNlJCYTdzVUZjLVlkV19wREdPcmhoOV9SQmJIaXZwaFhuTEVqdXd4UFo3WXJlQWJyTmR2bjdxLU1LbURWcnl5QzBDUDZwcUs5a3BiOTlmWHdjdUcyVEJoNEFLcGU0NHhsN0FPT0RqZ9IB3wFBVV95cUxOWlVDWjVSOXJpRXpkT2dhYUJSaS1tczUwY3daREpUNU9YamdBa1cya1dId1FCSDNDVkQ4bzRfQkVHb0FyRU5RV2wtc29SUVBPQjdFWlVRdWtGRmhtX0tIc29lc2xaTVVmb1dHclhZcjM3Nl85SF9PS1BCT0lWemtKQlRBTG82ZDFIVE1yWVhGTk4yYlprc0U0TFZJVlAyd3ZaMEJLdEdBUE9QcUQ3QVV3b1phLU1uUHF1VmNZVEl3b2lxbC1sc2s0THpfU3FlNGRsNno0ZGZPa2FJQjBlWFRj?oc=5"
"PD-186","Bahas Regulasi ‘Smart Province’, Dewan Studi Banding ke Jabar - Pemerintah Provinsi Jawa Tengah","Studi Banding","DPRD Jabar / Pimpinan","Jawa Barat / Terkait","Mon, 11 May 2026 23:30:23 GMT","Pemerintah Provinsi Jawa Tengah","https://news.google.com/rss/articles/CBMinAFBVV95cUxNbWVOUGN1SFYyczk4UURrYmZEYkZMUmhkNXZUSWxfUm84QURBLXI2a2J6LW5wc3lRU05fQnRMUDJsTGdab0FtUGNkd2l4T3k0Z01FTC0weTBIbTZVQ2RYQWdGSmhwOXo4YlNLb1E0Rk1EZXlrZVZGTlMwdllFMmxRd3R2VG8yNG9HT2J0NnBSRVl1SkNsNnVULTlyQVg?oc=5"
"PD-187","IKN Jadi Tujuan Studi Banding DPRD Jawa Tengah - Niaga.Asia","Studi Banding","DPRD Jabar / Pimpinan","Jawa Barat / Terkait","Mon, 11 May 2026 07:00:00 GMT","Niaga.Asia","https://news.google.com/rss/articles/CBMiekFVX3lxTE45QzlCYUZjak12N0hxR1l6ZE1hZTM2U0VUMmR6eTFNSDhNWXV1aXItcXFmVS15eHZSak5ZbWxHazRiLVFRWFN2Ty04THMzNFFtVlZzQnFJMmY1NmNaQ3l3OUdNcGFnQ09hbmZ2NHVkUGdfRmlRWExnYU9n?oc=5"
"PD-188","Kaji Banding ke Kabupaten Bekasi, DPRD Kotawaringin Barat Siap Terapkan Program Smart City - bekasikab","Kunjungan Kerja","DPRD Jabar / Pimpinan","Bekasi","Thu, 09 Oct 2025 07:00:00 GMT","bekasikab","https://news.google.com/rss/articles/CBMiswFBVV95cUxOU3BJUjdLRlk4Z1pxMFhrZXUyU29rTVE3SEdzaTRQQ3BucDBJcFVqSUNOQnh2ZlZaanFIX0czZkxLck5PY0pMTDV5Njg3LW5mOGxodzRxOUV1UWxMMDJiZzc3VkU2bDgzSko0eTBOY2dmM2RybGNGY2d0bG50d3RTY1BXSkJrbjBGNkNid2gyNkpjekFBa21XQ3hmOEVBX3pkUWo1WmhXaUVYNHFqd1dueFFLOA?oc=5"
"PD-189","Studi Banding ke Nusantara, DPRD Jawa Tengah Dalami Strategi UMKM dan Pariwisata Berbasis Budaya di IKN - ayokaltim.com","Studi Banding","DPRD Jabar / Pimpinan","Jawa Barat / Terkait","Wed, 13 May 2026 07:00:00 GMT","ayokaltim.com","https://news.google.com/rss/articles/CBMiyAFBVV95cUxNZ1RaWnVfM09YSkNLTXc0c3ZfOThXbUNoRlhJZnFDMVB1LURDR1dnN21pZTEwWFk2SGFreF9zSjB1MzRnLUVXbmhXbTFVUUFHd2dncjVwQmNGOWNoS3lXcUtrOW03SURfREtDUWpxRzgzbTZESHJvRlI1MFFvbjgweUZERGlDY18tMUNQVmtqVVhlVUxZY3plSUxpZWI0RXdEOXJVNURQak0zdm1PeVl4Y2xNNVFuVF9GdWZ2a2RrWGNoaU15SnhWZw?oc=5"
"PD-190","Ombudsman RI Terima Kunjungan Badan Kehormatan DPRD Provinsi Jawa Timur, Dorong Penguatan Etika dan Pencegahan Maladministrasi - Ombudsman Republik Indonesia","Kunjungan Kerja","DPRD Jabar / Pimpinan","Jawa Barat / Terkait","Wed, 04 Feb 2026 08:00:00 GMT","Ombudsman Republik Indonesia","https://news.google.com/rss/articles/CBMi7AFBVV95cUxQZGxUZ0U0TnFLWWhFWDA5czgtS3llbmh1S0lHZ0s5M0ZINnJYcXNfS2Z6R0hVZmNlbnNOMVB4dDJiV2hZZ3l6V1ZXY2tadE1zaGppb2JoUnI0NWx5ekZEbnFCcms4ZlRFSDFiX3RqVzlmWXNuS0F6UWN0OFF5XzlTMm53X3ltLVBmUmlDM01ZVDNObmt0WDJ3UkxSU1ZPVnRaS0w4NVZMd09xMW1OdW9BVUtJbXBBZEZBWFpqWkJqT3JNQUhuVDRSa0Y1c1VDOWFpSlUwdHlDQWtPRFg5Sm03aWxYWHhkYjk2cDI0bg?oc=5"
"PD-191","Legislator Jambi studi tiru penyusunan Perda HKI ke Jawa Barat - ANTARA News Jambi","Kunjungan Kerja","DPRD Jabar / Pimpinan","Jawa Barat / Terkait","Wed, 04 Mar 2026 08:00:00 GMT","ANTARA News Jambi","https://news.google.com/rss/articles/CBMiqAFBVV95cUxPWGF5SFRnUEdMOXppMzBVMjlCcHFkSjRzUEJWdVZYUTFqTXlPZWJsU3pRVWRFMkZIenVnZ0lzWFhKUkJaaUtVR2R2bmxkNVB1dXhQM3lodHpNTzczRmNfV00zNl9xSjRacmtsYjBUSnB3VHd0UXowV2x2bndobkxYRm5oby14RDgxTjZNOUVESnVhWTJqNVM0RDlsenp2UUhMM1lISmVWZWTSAa4BQVVfeXFMT1NGVWdrZWRYUTZ4a2VNTHFXd1kyN2V1RHhmTG51dXVMLXRiVkdyR1lQRkhOakhiSTgwNVMtMmtNcTZUTW9CdHc4dEh1dlhyWmdNdlZtdzYxVmg5UGtkVEtUUy1rNFJ4TFZuTmE2czdKUVJDSFNCb3RtcHBpc2hDM25wYlRtVDBDOVY1N1NORVI5Z19Pck1vY1k2V3E4cUJSQU9RSDE5Y040a2ZYa3Zn?oc=5"
"PD-192","Instruksi Tegas PDI Perjuangan: Coret Kunker DPRD Kota Bekasi - Bekasi Satu","Kunjungan Kerja","DPRD Jabar / Pimpinan","Bekasi","Wed, 03 Jun 2026 07:00:00 GMT","Bekasi Satu","https://news.google.com/rss/articles/CBMijAFBVV95cUxNeXlxVDVYVFZtSnczNWFzYm5RUHhHU0t2alN2TkxNOTEtMzFtb0xxRWdoZ1U5WG1veHlhZ0JEODJsRzhmSkd2LTVYWDlpUHFvUndDbkhpODh6VWRScE9wNmZ5ZjRvdTRicS1tSmdMdnRfYWVrblVzMEdsUUJ3bGxrenB5NHBpMzdfSko3Wg?oc=5"
"PD-193","Study Banding dari Karangasem Bali, Komisi IV DPRD Banyuwangi Bawa Solusi Pertambangan Galian C - TIMES Indonesia","Kunjungan Kerja","Komisi I","Bali","Tue, 28 Jul 2026 07:00:00 GMT","TIMES Indonesia","https://news.google.com/rss/articles/CBMi1AFBVV95cUxQNzNRdmgyQ21NOFY1R0JTZVFGOWlLNy1JdndaNjlWRnRmVzZsYjVzWVRpOHlVUTFaM2FLQmlQY05INzVKX1N4RmJmOUNtZUN1WE80aFFtN1h2SDV4dHNtdjRIa2s0dU5FOE9PcTg0VEE4RVR2VENuejkyVjNMbm95R2JaUzctbHNVeVJzYXRHUWpjM2gwTTR4Z0VyVlU1RURxSlJ1WWRBRFRJcDVHS2Rwc0ZvLTNmLTc1REJjSm1Xd096MkJvamNrYm5NMWJlN0pkZWs1Vw?oc=5"
"PD-194","MAKI Jatim Kritik Keras Rekomendasi Pansus BUMD DPRD Jatim, Dinilai Tak Sejalan dengan Anggaran dan Sarat Dugaan Korupsi - Nusantara Abadi News","Kunjungan Kerja","DPRD Jabar / Pimpinan","Jawa Barat / Terkait","Fri, 01 May 2026 07:00:00 GMT","Nusantara Abadi News","https://news.google.com/rss/articles/CBMi9AFBVV95cUxOZzZ1OTNUNV9Cd1piQ0ZReFF5MVZfUVExSHpLcDdtOU4ya1BpM1BSNlJSeW5ZMnd2OW93c1hTTl9WUFhDWFR0TUNQMkJndlpnOHVCWHcyYUF6Mm8xd2xDRlVWRGNib2dvMGIxWG0xSW51SGlvOEJCUkpDZ1BEUWFNVVdfQktiQUpQRU10NEdBT1hzNUVVQ3lUdVBUakV2emVXdW1DaURBWTd3SXV2bTg3RmY1YS1Ba05Ed3hPQXVnTmhhQnZndGNMWVo0THc2U2Z1d0Q3RTYwTTJWa0JsT2ZUYlpiMzUwREMzWEtTa2d3MlVLUVNm?oc=5"
"PD-195","Tunjangan Fantastis Anggota DPRD di Provinsi “Nanti Tuhan Tolong,” Untuk Rumah dan Transportasi Per Bulan Setara Upah Warga 2,1 Tahun - Floresa.co","Kunjungan Kerja","DPRD Jabar / Pimpinan","Jawa Barat / Terkait","Mon, 08 Sep 2025 07:00:00 GMT","Floresa.co","https://news.google.com/rss/articles/CBMikgJBVV95cUxQLVo1QnNQQ3U5Q3Z6SXFmektpejF4ZGhJWXNaWXhURXBwMjdabk5XTm01SWo1dElqODJZeHBMeDdDVklJVlo5WWFfQlVYQlJFS2FxMFZLTWREYUx5dnZ3NDFiWXczd2tvZm1EbEZ4aTk4RExXaDlCV3BrNWgtRWNqdVRMWnVBajJURDZiMEp6ZE1LSm15YjBrWFJaVGRIS19veF8zd3pMeGFXVUtGZ3lzUHhvbGtZSjJ4VkdOZ05UUHRfR1VJU3hhUDBTcU00bmFvcTFKWXJORkhodmVOU1B1eDM3S3cySTg2V2VCajFGUmwtMXdncm5wbTR1ZjJnZlVjb2JFX0x3XzIyQ2w1T1I3TVZ3?oc=5"
"PD-196","IKN Siapkan Wisata Kelas Dunia, DPRD Jateng Datang Studi Banding - Berita Borneo","Studi Banding","DPRD Jabar / Pimpinan","Jawa Barat / Terkait","Tue, 12 May 2026 07:00:00 GMT","Berita Borneo","https://news.google.com/rss/articles/CBMimgFBVV95cUxPeEJELXlPSHlqai0tTjFhM3dEdmV4cm4zUVZ3dHFETWJFYUU3cVdmUnpiN080dEtYckIydHJjQ1o0c3pVQ0VsUGVOZDhFcEVvVWYtOTdrdjBlTHpKcWhyRW1PU1NsbUk0d2dsX1M0dEhIRlV2U1JMbUV4Vk1wdnNWTzY1VWFSRFdnRGJUVkhqQmRIQmVVQ2ROdjFB?oc=5"
"PD-197","Studi Banding, Komisi III DPRD Lebong Kunjungi DPMPTSP, DLH dan Sekretariat DPRD Bekasi - Pedoman Bengkulu","Studi Banding","Komisi I","Bekasi","Sat, 28 Feb 2026 08:00:00 GMT","Pedoman Bengkulu","https://news.google.com/rss/articles/CBMiiAFBVV95cUxQQ0hnaEQ2cHVNNWdidmt2VXFjRnBjYmtKN2pOUVVCUTZNdVlQRmE3bUZtQTVfcDF5ZURlNHpidDE4TW91dldyVDlnVXFwbHRONUU5RzhhTnZ4X2s5TkxCUVZKWENkQTE2WmlLUDltVmN0UllMMnBNdEZHUG9IaVRlRGdiR3NxZVRX?oc=5"
"PD-198","Waduh Terungkap Banggar DPRD Jabar Tidak Mendapatkan Penjelasan Penyebab Defisit APBD Jabar Rp 5,7 Triliun - Pikiran Rakyat Koran","Kunjungan Kerja","Badan Anggaran","Jawa Barat / Terkait","Wed, 01 Jul 2026 07:00:00 GMT","Pikiran Rakyat Koran","https://news.google.com/rss/articles/CBMi7wFBVV95cUxQUkYzTFZCOVh4VGNES2lkVGZLeEJUUUFxWXd1Q0hRSk5vLVB2UXlTTlJVYXZrcUZuNmpzdUppQTRxUzY4MUg3bjJ4d2JQNDlPLVdVX1lEZTdDZ3lkaTZTVnZzTHloMWtTMXdTVGxYeFVJaWZ6YnZwdmlYN1NKdThoN3MwWVoyVlFseGhkTUZHanRxTHNUT0hBNjdYYy1HTDRHZG5mY2VNRmVQWnloMHN5WTRtc2t6TXpmN3lla0xYcllmQVBweVFuR2NsSWtEYVBpZk50Wl90QVZzYlRhUWd3bFVqZy1ZTVJiOUx3anpUVQ?oc=5"
"PD-199","APBD Jabar tahun 2026 Tekor Rp 5,7 Triliun, DPRD Jabar Diminta Serius untuk Mengungkap Tabir Penyebabnya - Pikiran Rakyat Koran","Kunjungan Kerja","DPRD Jabar / Pimpinan","Jawa Barat / Terkait","Wed, 01 Jul 2026 07:00:00 GMT","Pikiran Rakyat Koran","https://news.google.com/rss/articles/CBMi6wFBVV95cUxNSkZGZWdNZkppSzhxTm1hbTU3V3dDREtCT3RYLXBNTjhVTVY2aEwwWVZCN2hWbGk5dVU1T3ZOaWl0akZrTFVKRGROQ25UeUJGdVA1YzRZd2xuWloyN05jZWtKZlNqeTNLc1FkeWdleUVmbUl4QlNlYnN4aG5ia3NmV3RRRjBzLXFZTXpjWnF0Rm9qS2phMFdlQ3d3X3h1dG1PZW5xWGl1YTA5RkM4ZHZHelc3LVI5V0ZvVDJfX3NNSDQ2eUd4Nm1hd3pNNGhXb25fTm9YRXlyZ3diem43MDlnN19qcENyWE1JQW9J?oc=5"
"PD-200","Baru Jalan Enam Bulan APBD Provinsi Jawa Barat 2026 Dibawah Gubernur Dedi, Kenapa Bisa Tekor Rp 5,7 Triliun? - Pikiran Rakyat Koran","Kunjungan Kerja","DPRD Jabar / Pimpinan","Jawa Barat / Terkait","Tue, 30 Jun 2026 07:00:00 GMT","Pikiran Rakyat Koran","https://news.google.com/rss/articles/CBMi7wFBVV95cUxPNnNxUFBQejNQZ3I4MllvZVdQcXZxT2NwenRnelROYklCMDBVTC1oNlhBdkpaTFBWXzFKM0pfYmZVSXdMWWZlbW1LN2ctZWNkWmZzRU9XY3RDeVg2MWM5TE0zTVhtTHZESGhlYTlrOWpmRzkxMjNvRUhUYnlJYWxPWFFiNXdicnNvZkdfWHF3QXMtWWV1aWJJemxXcXc0NjlzcDZNakIwWVNuZ2V2WTBPSm1LZFYtRnZ1OWNuUmZXQWxXSW1PV3JScTFWOWppUWkwdEdTZGI2c3J4bnBtX2NSQl81RmFVWFNHcWhCbWtIVQ?oc=5"
"PD-201","Kepincut Pemandu Lagu, Kader NasDem di DPRD Pesawaran Terancam PAW - inilampung.com","Kunjungan Kerja","DPRD Jabar / Pimpinan","Jawa Barat / Terkait","Sat, 10 Jan 2026 08:00:00 GMT","inilampung.com","https://news.google.com/rss/articles/CBMigwFBVV95cUxNeTFLMGNDek81eVQtZGItNmxNUUs0em1fVVdaRk91NnFDczFCelJVczJGVldLRjB2bnYwVU01TzVrNGhsbDNhcFV5aUVNZkJLcGE5SzNDMXpKbmFtdEljSnh1aTRaYWRKLWdMeVVLc25DQmItT2JIVmgyekt2VEp5NktZdw?oc=5"
"PD-202","DPRD Minta Evaluasi BPR Kota Bandung yang Merugi Rp 70 Miliar - Tempo.co","Kunjungan Kerja","DPRD Jabar / Pimpinan","Bandung","Wed, 19 Aug 2026 08:09:58 GMT","Tempo.co","https://news.google.com/rss/articles/CBMiowFBVV95cUxNdU1STno1c251Zkg2b0x2VUMwMjJVOUI5cElERW56UmFEOU55TUt1SW9UM0l6NTBhTXNiTHl4WGdqUmhRY1J0T3FXNXc5Vy1QSHc4aktEcXg4bGN5VUZmRHItd3hWckxpZTFaZHVtbzZNQzEtTXVRSUVVMTBZNF9zS2RXbjctTGJfNVBvenp1S29qbXdqM0czOXh4NEkzeVlOWUk4?oc=5"
"PD-203","Pansus 12 DPRD Bandung Siapkan Perda Baru Kesejahteraan Sosial - Tempo.co","Kunjungan Kerja","DPRD Jabar / Pimpinan","Bandung","Fri, 13 Mar 2026 07:00:00 GMT","Tempo.co","https://news.google.com/rss/articles/CBMipAFBVV95cUxQNTJSY3g0bUNZQ2tleWQxX3pJVzdJUTFvbTZKT2RiME05UTAxdnFvNDFwalhYeEppQ0NUTUNQYWQtVzVHV192cWFpdVNRR3ZPQnJ5OGVNeEtoZzRjUDZWRHYtUnFZMGc4WHBFYjlmdzhkN0VhanZ1X01BVmMweXRyeGNzYjFzdlZQQmJoZGtJTENoTjNfU2hWakVnYWgxWi1pOGdacg?oc=5"
"PD-204","Serapan Anggaran Kabupaten Bekasi Baru 21 Persen, DPRD Soroti Lambatnya Pembangunan 2026 - Pikiran Rakyat Koran","Kunjungan Kerja","DPRD Jabar / Pimpinan","Bekasi","Fri, 19 Jun 2026 07:00:00 GMT","Pikiran Rakyat Koran","https://news.google.com/rss/articles/CBMi1wFBVV95cUxNX0h0a2E5S280bTMxWlVyZV9rb0d6V0c5aXE5M1AyUDJpU3BFNEpXel8wclRsVy1ZR20yWGhWTjk3Z0swOWZCVERtdnNkV2pTRzl4bzZHS3FySFk1SEpwRzAxamE3akpRSVdfQjZSME94RTBnZ1ZPY0FGdmhraFlLQ0c1Q09rcktBWHRHMVhTaVQ1dmRQSHRiSVp6cXBsekZDek1LNzFuWG8yYncta0M1aGdfdDBEYnI0d2toeDBJQjY2MEw0bUpjR0JCSjRlc0JWOUptb3I2WQ?oc=5"
"PD-205","Persiapan Kelola PI 10%, PT Banggai Energi Utama Studi Banding di BUMD Jawa Barat - Banggai Raya","Studi Banding","DPRD Jabar / Pimpinan","Jawa Barat / Terkait","Thu, 01 Jan 2026 08:00:00 GMT","Banggai Raya","https://news.google.com/rss/articles/CBMipgFBVV95cUxQdTkwcVlIb2I0RS1tY3l0YXp5b1FLajVwaFp5N3pmVDFKVWZpNHZCLUhSLWpoWVVuVDlVN1A3TUNVSnNOSloxSnA3b09BclV3Yi1LM21UbGR4d3FrNEZBRFNSaUJOdVhBVVJKRC1yMklWYXQ5WDJGQ05RWDFjTU5pWG9uc1huMFlsckFZNER5VThiY3V0alBfeGdtMVhHLUM0SXRsWERB?oc=5"
"PD-206","Bank Tanah gelar pelatihan pertanian dan peternakan di Cianjur - ANTARA News Jawa Barat","Kunjungan Kerja","DPRD Jabar / Pimpinan","Cianjur","Sun, 11 Jan 2026 08:00:00 GMT","ANTARA News Jawa Barat","https://news.google.com/rss/articles/CBMitgFBVV95cUxOTk9aeE51Ql9rWExXWnhzbEdqRUh1TWhEUndfcWo1YkpwQkVGRkk1TlhOZTg4UFBvX3VfUlNWZFdqTXA4WVdVNldOb3NzYklxdjNlV2cwc2F2dlpjX0R4V1NEZkpvUUVVTnhyd3hWdTl3QmZjR1pHNGhzQW1tdkNza1dIcV9OUHRTRng2anZqaVBzM0h4ZzZjVk95MmJlTHdFYXRrRGI4aDB1aFJJLWhTcmMxdEdCQdIBrgFBVV95cUxPVTVIWGZ5OGIzMndiUDB4a2Y3cFB2bUhvNmJWa01UMTdheE1TRUpGa3daRWpkUTlpSW9ETDg3VXVnTnhhaGVZQzV2YzI0bVpic2tXYmMzRzVEMmNaYlVtUFNwbWVUd0I1OHBaY3pYYWkzZVQ3anFKVnhGNloxX3FfY2N2clhoMDBNX3dUakYwYkFXSmFCVWJzZzVuYTZjQjBFNEo4cThnOGVrRG1TTEE?oc=5"
"PD-207","Anggaran Sewa Jasa Internet Pemprov Jabar Naik Jadi Rp 29,6 Miliar, DPRD Tunggu Penjelasan - Pikiran Rakyat Koran","Kunjungan Kerja","DPRD Jabar / Pimpinan","Jawa Barat / Terkait","Wed, 10 Jun 2026 07:00:00 GMT","Pikiran Rakyat Koran","https://news.google.com/rss/articles/CBMi2AFBVV95cUxNakJDejRqZFBjY3VHWWVGY255RzFIOUZrRWRDYzJKQlk1S2NJVWRNa0gtYm1rNVQ3X3k0elFYdFZ6LXNjQ1p4Q00wRHo4SzdVYS1BVXp3UFV5NUNMQVdSS0FWbG44OXlZbGZwVkZmWTcwTXJCRWNYc1NNX1dXaE84MVk3RHlDU21TMEM0SXVJQ1otVjhBN3E5dDhjZGJHZE9ZT1ZfRmc5YnJoeEZUNWJDUnppczhrb1RTUDN6SnNzVkhUNW9RVWRzTEVhOVlBZ0xrVnJjSXhfVF8?oc=5"
"PD-208","Pengelolaan Sampah Pasar Induk Caringin Dinilai Bisa Jadi Percontohan Pasar Lain - Media Indonesia","Kunjungan Kerja","DPRD Jabar / Pimpinan","Jawa Barat / Terkait","Wed, 18 Feb 2026 08:00:00 GMT","Media Indonesia","https://news.google.com/rss/articles/CBMixgFBVV95cUxPSl9LeVpQS29nNjBwM0VxYWJjdUdLckxtT19mSl82WW5ZUWpvOE44UnBlMzlNQUc4UUpMcndwLXRpWjVpQVlsRUFJSXZ5alRWYjd3NUZ1aXFtLU5hb1pIYkJaUkI3MmxqSmNHejVjNlJoZjJwcDc0dWhnS3lvbENPYnkzZTZqSER6TjFhRjZZNnBOaTFLRjljU2ltOWJ1bVJGa2lKbmw4MTQtVXc4WDF0MFhkNVZLYXpwQkFlQk1RNF9LWFJpd3c?oc=5"
"PD-209","Syaefudin Jelaskan Duduk Perkara Tunjangan Perumahan DPRD Indramayu: Tak Ada Kerugian Negara - radarcirebon.disway.id - Radar Cirebon","Kunjungan Kerja","DPRD Jabar / Pimpinan","Cirebon, Indramayu","Wed, 10 Jun 2026 07:00:00 GMT","Radar Cirebon","https://news.google.com/rss/articles/CBMi3AFBVV95cUxQRWwxYjBOWVM2RkZYT21EajhUTkVqRFo0eEZ6ZWxBSDU2U1FTMERSSjIxaFg5VXVTRXFRbnM1NEVjeEtBOXlsTkVaS1RwOGE5bEhTSVNHT2cwUHQ0SmVUS2NxR19LZXdQVTV5SzRyQlM2b2ZidWFxdnZma0Vtb2EzTlJhenRnNmMtQWx6dVM5ZlVjYUNZVVNCNWNGU25EQ20xY1Z4N2Z5Z1U5ZDBhU25fdkhXbEF5bFVTczFWcTd6WHlNeEJsbVpZM3BNcG5PRHRGa1dZUTlBSURJVXE50gHOAUFVX3lxTE1tMl9OdEVURGVNb2Fvbm5pLWE4bWZaaFpUZUs2R3prUGxZVTRFRlVPbFl5VmxHVWUyTmxLMnF5MkJCM0VSTndrSm9fTkRCWU4tcFdEV0F1NFRRczA5LVNHQ2RkOGRMTFV5ZHZYUTVoZWZNZFVOLV84ZFNsZER1dHl3ajVFTVpxaWZOTmpBVEc3VFFCOVI0M29PWnE3VmlhUV95NkZFSGlWYU9WSDNtSEEzSFZ3RW1HQUZCY3JaMWM2RGhlUS1zZ2tkX1diOW5B?oc=5"
"PD-210","Suripno tak ingin warga Kalsel terjerat judol dan pinjol ilegal - ANTARA News","Kunjungan Kerja","DPRD Jabar / Pimpinan","Jawa Barat / Terkait","Sat, 16 May 2026 07:00:00 GMT","ANTARA News","https://news.google.com/rss/articles/CBMiqwFBVV95cUxNVkpud1JpVldlbzVGcDFXNWVhNVFJTTd1MkRBUVExeDQ5M3g3NEdSLWhlYm9HdHpZb1pxdG1HNGJXMFVvSzRtbE9ZOThiQnZXSFNtekJQV0tRQlNpcXJhbmdqdEF6UGg4YVhjWVZxT0g1R1B0eExQZlBRenZPOWVZLVBzRXJoeDRtdXBNRS1iZ0t2V0dWQzhSRnptdzZ4cThUa0hYMDdwM1dKdzjSAbABQVVfeXFMT1ZJVWYwS2ZlVC11blBfWnhWUFY0OExOWm5IbWdDaFFMYmExSktnSWlSc2FhQWlEVVhjLW5XR0lLSXlTYW9pdUFnOXVkdlVhbjlwMXRRa1lQMHNzNVBHM2ZDRkdwNWRkbHFHekJPMkR5S0RkQ2ItYldHa19CTHZmZFVQcXBKdmxlWGNzZDJDT0huV3JJVUlZbWlHV0FUa3FHanpfNjhHV3Boc2kxeUxvUVM?oc=5"
"PD-211","TPP ASN Kabupaten Bekasi Diusulkan Disesuaikan, Pegawai Berkinerja Buruk Terancam Dipangkas - Pikiran Rakyat Koran","Kunjungan Kerja","DPRD Jabar / Pimpinan","Bekasi","Fri, 12 Jun 2026 07:00:00 GMT","Pikiran Rakyat Koran","https://news.google.com/rss/articles/CBMi2wFBVV95cUxNajV1ZTJSVlJfVjBENFVqZk5pZ3dNTUNjOTZjYVQ0ZUNKS1Z6Q0FPOURaY0ZJY2dBNFEyMVVmcnZMTGUtWWVSbGhyWlFVdDRvblU1NjZ2T3RqQWhwNXNhbVRIeWxSZFZMdEJmd2tBVDFPYU03akJxaEtWWW8zcXI2bWNWTThmY0E3NU5wTDdsbzlsbEVMOE9UZDhGMUZUNDAzeDljT2VpWGo4UmhGRVo4NlRPbEJaVnFsd3NpdzNVdHc1X25NTmZQMzJkNTZFd1dlazdIUU1ldHMwdFU?oc=5"
"PD-212","DPMD Kota Batu Ditargetkan Rampung 2026, Ini Harapan Para Kades - Radar Bangsa","Kunjungan Kerja","DPRD Jabar / Pimpinan","Jawa Barat / Terkait","Wed, 12 Nov 2025 08:00:00 GMT","Radar Bangsa","https://news.google.com/rss/articles/CBMikwFBVV95cUxNT0p0QWhMMDk3RjY1Yk53QW9rX1FuLW9EUUZnOHZpb0dpeTVMZ3B4aUVCVjlKSU02NWo3SVJscW9Ua3hrRHRqMkVQaFI4NzMxOFJHTnlnOVQyRG1YdG9DeWFTQVUwazhWZ3ptS1g4RHBxczVuVDNDRTVIaklGZkJqakpwWi1hUVVqSXZzamlYUU5SRG8?oc=5"
"PD-213","Agenda Padat Bukan Alasan, DPRD Batang Hari Gas Sidang Meski Pengadu Tak Hadir - Kabar Jambi Kito - Kabar Jambi Kito","Kunjungan Kerja","DPRD Jabar / Pimpinan","Jawa Barat / Terkait","Mon, 20 Apr 2026 07:00:00 GMT","Kabar Jambi Kito","https://news.google.com/rss/articles/CBMiyAFBVV95cUxQWXFvYzVPbkVfLXVfZVZQSC12UzJUQnI4TUtMWF9sTnlHMURGUGd0NV9vNXZicURodGM5LTJvRFJNU0FqZUk2SGhTUUZ4MzFMamNlX3llVktxbFlMQndkTVFzbFdhSEE1REZqWk9BRzQ1NG90YXlVQ0d1MDR4Vlo0UG1rX3FWMzg2dGF1MzRmcXNvcmh3Mkw4R3laSFVHS3UzR0o5TkhSbXp4bGRPYVZzSnhodU02R05mQW1LbndqRkYzdEJlR0JPONIBzgFBVV95cUxNTmpYZnZaaFNfR0xZc0xNZmNKRmFVTlBlRmIxdDhGc1UxdGJOc1doRWRqWDFMUGxBNXF3YXdNUmdGcW9vU0o3Mnp2ODNESkl4M1FJd1QtOUpFN184X2F5anllZndvbzB5MmgydkVITFQyV0l4eHI5bmxtc1ZSU1hGdVVzY1pQV3JjZGNFM2tUdnQzM0ZucllWQ0RPWHRCZl9sYkNlb08tM0ZVWDBSdzM1eDQtdjdURHF2OW5naWJnMTlvNi1sbHpMdmFhRWIzdw?oc=5"
"PD-214","MAKI Jatim Kritisi Kinerja Pansus BUMD DPRD Jatim, Soroti Dugaan Ketidakseimbangan Anggaran dan Hasil Rekomendasi - metrotimes.news","Kunjungan Kerja","DPRD Jabar / Pimpinan","Jawa Barat / Terkait","Wed, 22 Apr 2026 07:00:00 GMT","metrotimes.news","https://news.google.com/rss/articles/CBMi0wFBVV95cUxPY3J5Qk9MdlVEaXB1cWVCR0xHNTNnWDVGMTZwbXE2amhrYXFWSWphbXhVZTBRRWFYc1FoUzdyWDZncDZYZmpVU2VScmhCSVpKcGVISzVNUWtCMkJtdG1rdDhHdmRpOUF2M1p3OWg1M0dOdXpvaTlDNHk3NGdiSzg5Y09Pb2RxeWV4ZHR1dXFCMlF2NlFsMDFJRllEQkRNVXRXZndYa1VFMl9MSk9iZlNIOUpDeTJUSlFwVnF6TU1rZGRzWmh0WXU0QTRNdllZS1lNNG1n?oc=5"
"PD-215","Sidang Korupsi Tunjangan Perumahan DPRD Bekasi Hadirkan 6 Anggota Dewan, Lagi! Ungkit Peran Bupati Dani Ramdan - Desk Jabar - Desk Jabar","Kunjungan Kerja","DPRD Jabar / Pimpinan","Bekasi","Wed, 08 Jul 2026 07:00:00 GMT","Desk Jabar","https://news.google.com/rss/articles/CBMihgJBVV95cUxNREd5RzNmWDUxLWNVaFB1bHc5VTZaLWdnWENfU3hDVGNoa1F3Sk82dXlHZTFHYUFJbUN5Z0dZallodjFENkZnSS1rSzNuLXp2cC1zVndxQUlpdnBxcmJBNEMza0ppSm1Uam9WTjBIWXgtN2ZBcDh5Zkc5ZmdJSXBVZHlaNUN3Wk83ZVVOdWFBWUN0ejhtYmw2VHBZTFBCYU9OQTBjMHNoYmc4SmdTR2o4NzkzZGppQ0NMa3FLT0RJdnBtSXgyNEhfeVp1UkVrM2pjSk9hS0l1OV9pR3Y1Vmp1TmhIX3VJUjNUZG00V1EtdVNFWGVOcUZNOHZSU0tRUHJDVUJkZ1Fn0gH_AUFVX3lxTE53V1BiUmN1dmg2T2k2YnpJU1BuWGlDbmdCY3hQN2tjeUFjdTJwclRHRXRDSHQtWl91YXZ1d0JhMUMtcWlodW1KUTA4Rzh5LVhpRlVwQjZUSFE4RFgwb0dkdjVKTVlJNjUybjlXY3hsNnF4bkhvdDNpOEo4VmViWWwzQUw3TzFWTi1mYjRDdjVPdnBucklNR1dNQnhScFVyOVJrZkJFeVhMbVFjai14SUFLa1lvQkFIYXFzNUllUnpObVlGWmZ2YkNFcE5LMHQyQy1TRnVRWGozMTNsZHlVWkYtNlhGcDRob1V2T0ZITjdJZXBxM3lxNkdEUzlpT0F2OA?oc=5"
"PD-216","Kawal Pembentukan Brebes Selatan, Setya Ari Dorong Pembentukan Pansus CDOB - Akurat Jateng","Kunjungan Kerja","DPRD Jabar / Pimpinan","Jawa Barat / Terkait","Wed, 29 Jul 2026 07:00:00 GMT","Akurat Jateng","https://news.google.com/rss/articles/CBMirwFBVV95cUxNdzJoMnRKNVAyazQ1aGhOY2EtQ1FZMUtHcTRfNi1WdHd5TERDc1JXemFnRE16bF9EX1ZQd0RPbUEzWGJCdzNYWG1YSFJoNHp4TE8ybUNzcFpYMHdqLWRmd0pfeWJhOXNTd1dOREQzcHE2UmNPZ2hQZkRFYW00OEMzYlFkcHhiVzFNRU5YSHU2dVVvY2NWMVljblJhYWQyUmQ2ZTRDekFDZkg2cXRiWGdN?oc=5"
"PD-217","Aliansi Masyarakat Toraja Tolak Rencana Tambang Energi Geothermal di Bittuang. Ini Alasannya - harian fajar","Kunjungan Kerja","DPRD Jabar / Pimpinan","Jawa Barat / Terkait","Mon, 05 Jan 2026 08:00:00 GMT","harian fajar","https://news.google.com/rss/articles/CBMiygFBVV95cUxQTmUtZmVpOFF0OUVhbDVuc0xKRGZDTHgtellPYkZFNE4wdUJSaTVCSERQQkJ1UXZrODY3TDFiNUx5MDRZYkozR0JiM2t4MC1ZNEl1Y0Y2aWFSVUh4N3dGVFFFYW1URVl6NVZWODQyQnlaSHdBcC1TcU85SW9GT2VmbnBxd2Zyd3pZYk1rZC13bGQwdmZzUDhmLWFtMHpQeWlyZnZ0RlNLaFE4T3V3aVdnM0xyOEliYTk2SHZZbFF5S09EQ1FnRDM3WVVn?oc=5"
"PD-218","Anak Ber-IQ 132 Gagal Lolos SPMB Maung, Abdul Muin: Kalau Sistem Salah, Harus Diulang - inijabar.com","Kunjungan Kerja","DPRD Jabar / Pimpinan","Jawa Barat / Terkait","Tue, 09 Jun 2026 07:00:00 GMT","inijabar.com","https://news.google.com/rss/articles/CBMiggFBVV95cUxNaTZJSW91dkFaSU9CanA0NTA5cmgzSk1VYllwUnNVWW5nQXBlMlNDTW0ya2N4TjFDZnhLbFlsS1ZodldnM2E1Mm11N1FoRUEyUWFYTTAyOXpDbFJZd19UdlZqbWQwbmVLcWNmY1ZSRTNpbnVNd3pCRmtKT1RtT0lRdlF3?oc=5"
"PD-219","Serap Aspirasi Warga Banjar, Ika Siti Rahmatika Siap Perjuangkan Bantuan Traktor dan Penguatan Ekonomi Keluarga - Insiden 24 - Insiden 24","Kunjungan Kerja","DPRD Jabar / Pimpinan","Banjar","Sat, 13 Jun 2026 07:00:00 GMT","Insiden 24","https://news.google.com/rss/articles/CBMi7AFBVV95cUxOY19PSWRqdmRLSGZDeU5YT01WcGJvS0lsbTY4NzNxT19QWTFGZm9SMHVyTkppRFRtQ3JfbWdlTEVqVlZNYkwtUE5haWhua3ZaRnVtcWt3Um13anRfcUdtRmhlMXlIWjBUWUhYV2xnUGZvdHpUVTVkdzRZdmJMalB6a2xFNXZoMXhvM1ZkNnNDSHJOZVpiaEh1ZUZybFNfc0dSTGxyM29OeGZxckNsZW1FNDJEcFVEWE5lWlJBSXZrMTVpV21lc1M1V0hiZG9YaldselVaWjNtZ1daSVo5eDdXMzRDRFhrVW1hZkk1atIB8gFBVV95cUxPM0N0dE5Wc19Za2UtcGItbjd3bl9ybFNfTXFEblFQV01OekY1dEhxQUdIaGw1aFo0Q1M2c1RsTG1lbVdqYUxodXJhTGhwRFdINTEzS0MxUWxxdVF3aW9TblA5RHVxX1FzdnhmTzZBU0ppdmNvcUVxS3R4Q3JCTlUwUDdiM2tfcmFnTzRoenRtT3VHN21EWmtfdkVZQWNOTlphN0xzdUlTcmYxV2JobzgzMnFaZ2tQb2NZNXdfc3VmUEFPQ2VCZGlxd1ZieTVKSjUwZ1FVdURpbVpCZ3BVc0pLRjlfVXZkcUoxVUZsTHY3djQ4dw?oc=5"
"PD-220","Jadwal Final Liga 4 Seri 1 2025: Persikotas Kota Tasikmalaya vs Persika 1951 Karawang Siang Ini - Kabar Priangan","Kunjungan Kerja","DPRD Jabar / Pimpinan","Tasikmalaya, Karawang","Sat, 29 Nov 2025 08:00:00 GMT","Kabar Priangan","https://news.google.com/rss/articles/CBMi9wFBVV95cUxOZ1ktdmNXN1p4NlZSbVJNTjF6dXB3TEhHQVY5ZnpCQ0tUS1dvVll3S3RYSUJGdWZuVWZucHBtRnpweEJoeERtRnVEQjNqdXEtWG1HdjFDU2JxZGc2a09VMkhUTnFPUktBM2ZpYnJVMmQxdkhmNVBob0hOMEhWR0Z6TU96Q2MweDhQTkZ6WGx5dF9TbHFRRURScWpBTUZPZ1ZkR1lONW9XS1RGMUd6bWZMcWp5RHp1V3QxaUR0OXVWTk9rdHZlYXZjUlBMdEdvbjRmZmZPdXJpalpZMEVMdVZiZndPMkFQZW0xd1JKdldSNC1icF90U3pN?oc=5"
"PD-221","Tak Lagi Sekadar Revisi, Pansus 12 DPRD Bandung Dorong Perda Baru Kesejahteraan Sosial - Sewaktu - sewaktu.com","Kunjungan Kerja","DPRD Jabar / Pimpinan","Bandung","Tue, 03 Mar 2026 08:00:00 GMT","sewaktu.com","https://news.google.com/rss/articles/CBMixAFBVV95cUxQV0JvMmx1WkdSSGlGakNoZzJpT3BSVU1iQVJiRFlmaUQwMXRkN0hON1I4S20xTGR2ZmNCN0Fob1BVMFl2djF3Rk9NVTctdGFjbV9RbGtBVG9haUZySkZKM0Z1dDJZX1pyX0ZaMlpwdXM5SFhtZVhDeUVjMGFSaFEybzV3cTF0cVJHcVJCSzZzNlVzOFI1UmNIazBfZmhoY2xOX0NZU0tNN1VmYnY4dnE2bVRHTjR0VmYtYmd1M1F5Vk0zZDBH0gHKAUFVX3lxTFBwUWk2aGQ5Ty1tU3RtR1dkUWg2Nml0MXVrRU1uZUlrcmpZalQtcDJzWGFmS3J6VnFQS3RLdmJiMkVPel9Ya093U1Z1M0xId2JUU1cwX0x1ZFBreU80Z0U0YzZZaGFjb09BYW1MaXQ5X2hYcDdzTGtvQndBZmlqX2piMHFZQ0FrMkh1N3pSak9wWHktZFBxZUo5T20tX2hlT1NEaVV4bkNsQkYtYVFfTUJRdE1hMU1xSENVZmtrMFRuOWd0azRvU1dYb3c?oc=5"
"PD-222","Bupati Madiun Terima Kunker Komisi A DPRD Provinsi Jatim - madiunkab.go.id","Kunjungan Kerja","DPRD Jabar / Pimpinan","Jawa Barat / Terkait","Fri, 13 Mar 2026 07:00:00 GMT","madiunkab.go.id","https://news.google.com/rss/articles/CBMiiAFBVV95cUxOcXotNTF2YVk5MTRiRjBJS3VWOTk0Qm5ZbE56V1YwWXk4MjhqNS0ybmJnYWpRQmlWNERobzF4Rk9Za1pMZzNnUVpfX09Cc3pVT1I2X0IyRThLNzJnaE8wNy1JdkJxTHpGMkN2LWlUVXc5YTVROHUxOTRYRVBpTnpBeVVjSjFoT0gw?oc=5"
"PD-223","Komisi I DPRD Sukabumi Apresiasi PT Cosmo Technology, dari Izin hingga TJSL Dinilai Positif - Sukabuminow.com","Kunjungan Kerja","Komisi I","Sukabumi","Thu, 20 Aug 2026 14:30:45 GMT","Sukabuminow.com","https://news.google.com/rss/articles/CBMiYkFVX3lxTE5GMERIY094ZzZ0djRrX3Yzb0V2U2lNYVBaOWF3MVY4Q3hHb1l3ZllwazdzUklVN3VpMXRtZHJ4R0dDLVBxWmVOb1p5X2NPWVZKZFRMUTFzRUw1VnRKN085UWl3?oc=5"
"PD-224","DPRD Padang Pariaman Kunker ke Sleman di Tengah Penanganan Usai Banjir, Sebut Tak Semua Ikut - Kompas.com","Kunjungan Kerja","DPRD Jabar / Pimpinan","Jawa Barat / Terkait","Tue, 02 Dec 2025 08:00:00 GMT","Kompas.com","https://news.google.com/rss/articles/CBMiwgFBVV95cUxOblg3R1dBMXFfM2tLSWEzQVRoOHVzbGE5aDVmb2Y0UUZOVmZLY0FqYU9EeG45YkFNMWU4UWx5NUVLeEx0YjBxQTBwS2RuNjJZcTVnNmNNaF84MzNYamlFdmxZMXd4dHFSNVN0aW5FSmZKRl9Pc1VpZEVhWlBVMEtpNmNiM1BPRnFrdU42ZHB0QndMdWZUcW4yYm44ZTlHRnVSRTlkQUpmcmphTW1iTUxQWFkySHBZN3h6eWJKYi01NVBTdw?oc=5"
"PD-225","Komisi A DPRD Jatim Dapati Aset Dinas Pengairan di Jombang Dikuasai Perorangan - TIMES Indonesia","Kunjungan Kerja","DPRD Jabar / Pimpinan","Jawa Barat / Terkait","Tue, 04 Aug 2026 07:00:00 GMT","TIMES Indonesia","https://news.google.com/rss/articles/CBMiywFBVV95cUxNYUVkQUt2QXpzWG8tbEF6aHF3QWdfZnNJdmd0dG42eTY2N0Y0UTVzYU5JWTRqeThMZWtxcm5WaEo4LVpiR0kwZXZ0VEZpWUp0TGhqYi03bFg3TG9UeG1fMzMtc2NWeTVrOUx0c3NuVTl0UmR5UUtBSTBGZEhLRTJHNnBMYUp2a1hqU1Y0bExSWUJYTEt2QUZEejc4cHZUOXVDYld2UmhZcy1Od3RXQS1QUV95OXhPZk5Pd1dhUVlLVDQ3dzRJZng1d0xnUQ?oc=5"
"PD-226","Komisi II DPRD Kendari Perkuat Sinergi dengan OPD untuk Program 2027 - portal.id","Kunjungan Kerja","Komisi I","Jawa Barat / Terkait","Wed, 12 Aug 2026 21:05:33 GMT","portal.id","https://news.google.com/rss/articles/CBMikAFBVV95cUxOWUNYc3NQcHRoejRTaWdlR3F2X2dXMzdma05TUVM4UjBDbXZrelpseHhySVlzcDlJWHFPQ0M0Yi00RVB1enY3MExkcXQ0bzlPblRCa0d6SDg3ZjNORUJwZk5iZGxaMmJmTVZ5dnVYYmM3bGRVQVNSZGpiM2lpck9aTGdNeFFvRjJXamFTZFd0M0Y?oc=5"
"PD-227","Kunker ke SMAN 1 Kedungwuni, Komisi E DPRD Jateng Dorong Sekolah Perkuat Perlindungan dan Kualitas Pendidikan - radarpekalongan.disway.id - Radar Pekalongan","Kunjungan Kerja","DPRD Jabar / Pimpinan","Jawa Barat / Terkait","Mon, 17 Aug 2026 06:59:00 GMT","Radar Pekalongan","https://news.google.com/rss/articles/CBMi-AFBVV95cUxOOG8tN2lobUFTaXVhTlVpVEhjOF91RmdkdkNjdnJCSXdmdUJkbVZGTHYyRElHeFBPNGZqWXpHbDFfN3RBWVZGRnlGOXZmazJfQTRjUzJLbUVfQkpIamdxUEE1Y1ZUa2tTdHB3QXZzbDZzaHRmaGFSVEgtWDlUYnBrVU5lWEltRHRuRHJvSHJmUGx1c1dOclBjSDdTa3hPNVpYem5zUVhjbHJpdmpwcTJRa3pnenA5aVNMbzJXOVNFZ1ZQSjN4VTRrMVlPVWNjeVQwZmFrT2s0M1otd0VMN1ZaM3ZTbG1ic2QtY25ablpBSHFBWUtYcmNrSNIB6AFBVV95cUxNWUI3OU5PLWltZ0I3Wmp6UHJ3eUFwVjlpZmZ5Z2htczRCYVBwdkVyWmJzanU1Q3NzMkM0Z3ctUXJmWm1KWFFuQkxOdHdwTTd3UGJmdFRCQ1B6YndkNl82RHdrUUtZTGdrcUc2V2xKSGU2bFBvV0daQzNTZ0ZhQkU1eXNWQm40S29WWUdRLTdGeG1WbkpMdEhZRllGYnpQSG02ZzNQOHlobVQzV3U4WHc0NmszTW9wazB2VHpQNHA1N0w0MEprVDVhb0dmOWhlR3JpZlRLeTkxOFhXN0xLaEUyVmlLMGlZYkRq?oc=5"
"PD-228","Gubernur Muhidin Terima Kunker Reses Komisi XI DPR RI, Bahas Penguatan Fiskal dan Ekonomi Kalsel - Rilis Kalimantan","Reses","Seluruh Anggota (Reses Dapil)","Jawa Barat / Terkait","Thu, 07 May 2026 07:00:00 GMT","Rilis Kalimantan","https://news.google.com/rss/articles/CBMiiAFBVV95cUxQUFhUNzFlLVRGVEQ2NlNkTUFaN2YzREYzOVhKZkhUeUM4ZFhQeFFkWjJwdHFqMHdEcks3blBsS09pTmZaV0NUMG5CYzdPdWdKbnpXWTk5OW5kNTJ0cVVkWVhWbW5GSFFoMXZJMHVIVlRudGJEanRaNHRKR0FrdWJySmdRVWdyR2RV?oc=5"
"PD-229","DPRD Sukabumi Minta TJSL PT Indocement Diselaraskan dengan Pembangunan Desa - Sukabuminow.com","Kunjungan Kerja","DPRD Jabar / Pimpinan","Sukabumi","Fri, 21 Aug 2026 04:06:26 GMT","Sukabuminow.com","https://news.google.com/rss/articles/CBMibEFVX3lxTE04Mm5hTUlTT0FOVElPVlNWNGxVYXVEeGVDUHVhYXlXZDhOVUNXSE9DLW1pVDVSYXZWWHo4Q1BlNllIQkI0LWl1aER1VXpaT3RTcHVSS1I5WWl1cXdWLUlsa1NDQm1zblRxSlBDRQ?oc=5"
"PD-230","Sakit Saat Tugas Belajar, Status Dokter Spesialis di Kota Banjar Dicabut dan Dikembalikan ke Puskesmas - Harapan Rakyat","Kunjungan Kerja","DPRD Jabar / Pimpinan","Banjar","Tue, 23 Jun 2026 07:00:00 GMT","Harapan Rakyat","https://news.google.com/rss/articles/CBMi1wFBVV95cUxQcDlSdHU3bVBEbE84QVRpVVlqTGlGMF9FeHAycnNfNHp3S1dXYmJ5QlZlUEtPQnZiYjNLMDhONFZZS0J1VUdRUlRlQjIwMFYxMjlVa180UnZVXzdxV3lJcTZpOTJqNzFKbnBTb3dHaVlwNEY1MkZiZ05iUm9GT3pVdEMwMmZadlZQdnRPUXZxNHlIUWN3TjZHa0JRajJNUk1fSE1KaU5DYW9kazJrWXBuSE5WclluU1Z1dUlPTWFqeW4wZmpSTEM5TjZlMjN1S205VDFzZ1pZMA?oc=5"
"PD-231","Penyertaan Modal Rp300 Miliar Jamkrida Dibahas di Bali, Fraksi Gerindra Cium Potensi Permainan Anggaran - memorandum.disway.id - Memorandum.co.id","Kunjungan Kerja","DPRD Jabar / Pimpinan","Bali","Tue, 07 Apr 2026 07:00:00 GMT","Memorandum.co.id","https://news.google.com/rss/articles/CBMi4wFBVV95cUxNdnJKSG90LUc5TlRaMnEzQTZNcTU5QjlnNzY1TlBBN1J6bFJSUXFrT1YyWG5tcFlDRTloQk52STREbldfcGRvbkZmYzhDWUlvRWNOd2hKTzQ1NGpOQ2ZtUGxYN0NiNHFEMEtGX2dKZ01jTERJdjlSYzRtTTk2UFgyNUVGb1g5Q3JwcjFZMWpMM2lmTVBIaklTeDBTMUxZei1OM0xJMlFNNTBGcEhFQXpWQnNuZmJKWHdnQm4wZ2hMTUo4VlZuY2o4TGoyYktZV0h6M2djdWMtb1ZvT25JaGJYVUFrMNIB2gFBVV95cUxPR09LQ180QXBVbTA2THdsUVFJYnRnLWhCcVpZbmZoMEtlUXE1c3IzSENpc1hkc19sbWR4ODM3aF9ReXhtRzcxdnlUVHR0S0M1cGJIV0RHZ1QyUVJUWldhenhZdGdUalhnM3ktVER4SlA1TjItdFR6UWIwWlp0Z2VDR3FnSzZkei1VWVJzWG9tdmx4eEVDRU5fekRvemlBMVRoZXU4bmZfX2RLQ0ZuMVVDcG1mVFBoX2VhdFFBV08xSFFEeU5DWXBUQ09DejhXTmdHYzhidnJLMWlKdw?oc=5"
"PD-232","Satpol PP Sukabumi Cek Izin Dua Perusahaan, Dorong TJSL Tak Sekadar Bantuan Seremonial - Sukabuminow.com","Kunjungan Kerja","DPRD Jabar / Pimpinan","Sukabumi","Thu, 20 Aug 2026 10:10:42 GMT","Sukabuminow.com","https://news.google.com/rss/articles/CBMia0FVX3lxTE5Xb1lfQmlzbEZpdGc5eTZJS1p5eF91UExLcnI5b1c0YktJdTNUM2t6RVpRUWNhN3FDYUVaMzI3TFVxNW5BamlUOXIteGNnZE1CWXd6LXVLX2V5Yi1Gc2gxdHg0cTNyeWR6cFhV?oc=5"
"PD-233","Wabup Dampingi Kunker Komisi VIII DPR RI Tinjau Sekolah Rakyat 7 Sukabumi - Sukabumi Update - Sukabumi Update","Kunjungan Kerja","Komisi V","Sukabumi","Wed, 17 Sep 2025 07:00:00 GMT","Sukabumi Update","https://news.google.com/rss/articles/CBMivAFBVV95cUxQTVVOU1hxbzZWdU1kSDlyTnVLMzhvU01mSm1kNHp3YzNRVmt5bjFfYUNLdU1ka2ptMkpSU3FmRDVOZzRzMkEySGVYVnBGOU1HbDgyTVJHajFZcUhQLTM1cXNMS3AzcVBRMzZMeVhyWDAxSElfRUpoTlNDYU5lRDhQTDl0enNKSTdINnI4Z0gyekg4Y0NNei15OFR1VXpoNHZmdThZcXRRR2kxc3dxTXpzR3VTLVVaZFRXcUJBRNIBvAFBVV95cUxPVy1xbU5lWTV4MGIxU2dRbU1SQ0NlMm1ISFg4YzZSeEQ2bFlWTHBabjBTYmdwQm5kdUEycVdWYmk3Sk16bUlpSV83VTVMVXlub1RZeUczdGlDV09QN2t4ckpubkhZWWlxLVVNSENCLTljOVFpRXIySGlkVWRwOW00NjA0aE91dUtYSTFyOGQtQklvRGUzajFKQ1FyMjZBU3hTTWtZQmNOanNsWnZhX19fVUdYYk5qZTNRQXg0bw?oc=5"
"PD-234","PT Indra Jaya Prakarsa Tolak Tudingan Ketua Komisi III DPRD Bandung Barat, Minta Polemik Diselesaikan Secara Objektif - Kanalindonesia.com","Kunjungan Kerja","Komisi I","Bandung, Bandung Barat","Sat, 11 Jul 2026 07:00:00 GMT","Kanalindonesia.com","https://news.google.com/rss/articles/CBMi6wFBVV95cUxON20yMERPNzkxRlpKeWIwOWxCdkV2OWxpLVUzeXJXOVQ5dDNSRVBLZ0pxYy1ZeXRuVjd5M3I4ejFpbEJzdkE0Sk9VZWNFM211NGd3dk5MYlVNT09qaXJSWHk1YkFrUkt5bktDazRvRlRZeVJFMkNVSThQWTYtYXFNS203Ymkyc3BYMVdjZ3dKOWNtcWc3WnJoUl8tVXIwWGc3aGhOdmRhc1dwS0JpVUhOcFZQVFlteVNaNnltQXlLcTlFR25sa3hMUHp6OVRyRmRnNjhRU3ZicDAtTnNSRW11UzJzUTdQOG03N0xv?oc=5"
"PD-235","Komisi II DPRD Kabupaten Sukabumi Kunker ke PT Aneka Dasuib Jaya, Soroti Tata Ruang hingga CSR - Sukabumi Update - Sukabumi Update","Kunjungan Kerja","Komisi I","Sukabumi","Fri, 27 Feb 2026 08:00:00 GMT","Sukabumi Update","https://news.google.com/rss/articles/CBMi4wFBVV95cUxPbHNGbTNGZGdMek5RcEJhQlcwY3l2VnlwdDhaLVBFQUdBbWVVTnFYRDRnbDFmblN3aWtmRWJUd05QWm5MRVg3ZzlnMlBXVHA0d0Z2eFg2NEljVXJMaVlDTWxrZjFZZHBjemp6N0ZzTmdua1E0bElSTWw4QV9vdTVzQzFhZWI2NURpem5BQXpxNW44Y2VoZFFBNVU1WmgzLVdUaG1Qc1JDZ1dHLXRLcmJLRklzdlBQLW04TU5TT3hQSFFBWXo0YXhLazJhWVE5S0l3cGFpUjFpanBYcWpWX2xtSGZlVdIB4wFBVV95cUxPWjlpLTNnSmljQlJDb3I0T2Z0aU05NWhicE5qMzlZZWFtYUttWEI2SElzMzgzbzAzOTJoenVoUkRudTVMempLX3pYSWZaMWRuNGV0VnpGNUJsZS11dWVEaUItMExGNHhGaGduampKZTl3cm5YRnRuZ1hHREg0Z3ZsZ3JUek5ZS3Y2MzhyT3FzZTVBaVQwYnRWZUw4blI0YUYyS1R5TmRlYnhNX1NHM3ZYaUdZUlJxdDhleXlJZjRwVHlSbnNYRHJTNFVHdWh2MjBvU2g5UXc1MkJ1QTVKc1JKX0tBaw?oc=5"
"PD-236","SPMB Mojokerto Sukses, Tapi Komisi E DPRD Jatim Soroti 60 Persen Lulusan SMA/SMK Belum Terpetakan - Jatim Satu News","Kunjungan Kerja","DPRD Jabar / Pimpinan","Jawa Barat / Terkait","Tue, 04 Aug 2026 08:31:00 GMT","Jatim Satu News","https://news.google.com/rss/articles/CBMihAFBVV95cUxPajR2N1RqUGNHOGVFTU1haFVmaTN0eEhuWkxlZmtjcGFldjlQNmNUTWxHaTAzNHQtNkloVHZGTUI1RU5oUjNxWk94N0JVVG95QnRfTHdMT2N0Sm1Nc2lPXzFNaHl0QVoyYTE4WFVmYVZtYmZtS2xlM3UtM0E2cDhMQUowUnM?oc=5"
"PD-237","KNPI Jampangkulon Nilai Pemekaran Sukabumi Utara Sebagai Upaya Percepatan Pemerataan Pembangunan - Sukabumi Update - Sukabumi Update","Kunjungan Kerja","DPRD Jabar / Pimpinan","Sukabumi","Wed, 24 Sep 2025 07:00:00 GMT","Sukabumi Update","https://news.google.com/rss/articles/CBMi2wFBVV95cUxNRU5XRFk5RXMxb3RiZGJLVktVWV9PLUVvZ3BjdkNVaXhUZWxRYUxaRjg0ejZLT0QwZmk2dkxEX29wRlg0SUVtSi05cU5FSFhxOWdSV1hKQmRhanlkMkdKSjBIS1hGZURBa3Rjb3RCU24tS0VVMmpnTGxzQ0JBRnNpY3RSMUNkem50STNka0V1a3BxblZwcVprZHVxNjcwdDNwUWJLM0cyS3JNVlNUSTlaSENDc1RINUlCaThfck1RbnZmWllkQkRZY1BMY3VCMzZGTzQySHNBX2JDVWfSAdsBQVVfeXFMTzFyRXp6TlhoeGRpd0gyajMzaFNHbU1OYVUyYmlUSkZyWGVyTGdHdzZUdFc2Yk5zSkRNVXlleWk0MkFQU0xKMDhpd0FEQkVjZEMyNkdyM1JtWkdpUi1ld2tiaFlHN09ma3BldkpzMDF5elFoQldQekxaRlNBbUo2cmN2dW43WUtjUEZQS3NvU2ExODR4NHcwdDhiWURWMC1IWTVBMWtZem90TzZpUnkzeXhST3hhN2VvMFZWWjVqaHBWZ1JWUThRdHFSSXhkel80ZXhmYU1mQ0VldHJv?oc=5"
"PD-238","Sekolah Rakyat Sukabumi Terima 60 Siswa Baru, Pemkab Siapkan Gedung Permanen di Cicurug - Sukabumi Update - Sukabumi Update","Kunjungan Kerja","DPRD Jabar / Pimpinan","Sukabumi","Wed, 19 Aug 2026 05:55:00 GMT","Sukabumi Update","https://news.google.com/rss/articles/CBMizgFBVV95cUxQYXM2TEJ5YTVkbHdPbUFYTU9yR3NUaHBCSHlybGdETU1ENHNLNnZPRE1TWW5EX3NRdUZjcmRqZXJySHhIdVdzbU5VRG5ZTlpUalNCYU1LRHo5WG96MDRsSkgyVFN2dGVnNkxGNFU0bFlSRnFXM19JUUxTaDZMVk5zWFQ2VmlkTmx2amQ0WDdVNURla01ERUsyYUhtMDdvM0doZUJhTVZ6OWtjTXMxYXdBWUpxcG4xcENZQ3pmWk5lSEhPdEJxSC0yLXdfSUtMd9IBzgFBVV95cUxPNW80Mnp2dXA1RmRpa2kzSEduOS1nNEh2cmhUWkg2N3VWd01EOERZTWNXSWVvdi1fcFZGempRbWVQREItME1GeFI4SVdtQ1c0amZMVVpDaVUzRlE0VW5FdEktZVFGSUo5WXpiSkh4S19xVk1Gc2xqRTdXX3lrYnA3OFo0R3J5djdKMnp3bjlRZ3l1clJwSEZnZ0lwTXgtOThYQjB6RlhlNXo2MEdwUDZucVVxM2R4LXYzQk9NT2NQZndpckpRSGl6QkRFQk56dw?oc=5"
"PD-239","DKUKM Babel Terima Kunker DPRD Basel terkait KDKMP - RRI.co.id","Kunjungan Kerja","DPRD Jabar / Pimpinan","Jawa Barat / Terkait","Wed, 08 Jul 2026 07:00:00 GMT","RRI.co.id","https://news.google.com/rss/articles/CBMinAFBVV95cUxOYjI5VzhPMS1xQUxkaV80LVg0SXgyeGZDbkZOcWs2WWVVRFhYZXJVSkR0YnlyUnd3ZGVUY0tJS1E4eTlCd3MzVG1NaVdYZks5Q2dOQVNmZDA3NmVZWExNR2tLUjRoeld2SGNCOTRySnN6QWIyMWJSV0M4czhGY1NmMEpSbnZGb1duTk43aThhWjI5THNJSVFfUFl5cXk?oc=5"
"PD-240","Kaleidoskop Politik 2025: Wacana Penggabungan Wilayah ke Kota Sukabumi VS Pemekaran KSU - Sukabumi Update - Sukabumi Update","Kunjungan Kerja","DPRD Jabar / Pimpinan","Sukabumi","Thu, 25 Dec 2025 08:00:00 GMT","Sukabumi Update","https://news.google.com/rss/articles/CBMizgFBVV95cUxPMHdYZzlSV04xZk9fbE9SWExDMTdKOG45bVBQVlJQLWdFaGtjVWt3Umx1UmxoNVpaV3VYYjYxSlItR2dkMVptaDMwbURaRXB4NVVUTUhGQjNNN0VlLUhCbGFoSTYtd0E4bHdkTExoNVhOMzhvT1otLXRONlplckZBaVBrdUZFbHc3SElNVmM5N3o1RnhtdU84REYzVGxDVFRDQXd5OVFTaTBrME0zZ2lyNThVVm83eG9QdmVpemxhVTNJRk04OHkyNFhnbEtSQdIBzgFBVV95cUxQUHBNVHkxanN1Y1FwdVM4c0Y2dnVwRnI4cDFLNU1JYmhzWEpxZ2l5MXFHZk53VnotYlJNbE1JOW9Yd0FMbjVMWTVQMjZnS2tpQ3FTR05Jc1pQMFZVLU1rWjJTZEZ1YXJLUkhNemY3WXNnbDZiRmNDRUN1LXpPLXlHalBHZ3ZrQzJtM210VnMtYW9yT1UyQ3dPOHpmSmRKS0toeGtlUVNnUGtnMUJhZlVWVS1vVEk5ZkxCUWRKRG9NUzAzcWRhdzQ4YU5heU1jUQ?oc=5"
"PD-241","Kisruh di Desa Makin Sita Perhatian: Kuwu Ciledug Tengah Cirebon Terancam Diberhentikan - Kabar Cirebon","Kunjungan Kerja","DPRD Jabar / Pimpinan","Cirebon","Tue, 13 Jan 2026 08:00:00 GMT","Kabar Cirebon","https://news.google.com/rss/articles/CBMi7AFBVV95cUxOQjNUeEdFUTZsTllfMUJaSklybXlXTlRpUUQ5YmFjNlJqZEdLT3VDTUhUbUJoRFF4dnQ2RkJDNk51cmFZT2plNEtuQzVYcTBsRmNrbDhMYnoxeVFVM0c3ZHMwVlpyaGtmUlZXTXRtU3VjcUJxSXduNFhRakhOM3JUQ1o2SzdTMzE2alcxOGdjd0Y4SmdiRkNkSFpzRWJXbFVhTDNiM3lVa3drMjZHekc0U2RWRDlXYWl6R19QUWJXZGpjcC1qdFR2bEdFZjNqT2Y1UXpMbW9WNEFQZmRnWWJhN3Y2ZENuMXhreDhVRA?oc=5"
"PD-242","Komisi III DPRD Meranti Kunker ke Diskes Riau, Komitmen Bersama Tingkatkan Pelayanan Kesehatan - Warta Suluh","Kunjungan Kerja","Komisi I","Jawa Barat / Terkait","Tue, 21 Oct 2025 07:00:00 GMT","Warta Suluh","https://news.google.com/rss/articles/CBMivAFBVV95cUxQT3VGdThZSHRBdUVUSlhVa0pSWnBJZkx2MzZJOVg1M2FFR3dnVHYtRU1SNVVTQVlKZko5QkJlNE9SVGVFcmV2bVhmUmp6b0pFTS0xSEtRdFdVU2o1Y3JteEc4OUNvWVRtYmZQX3ZQQktlU290MXdMMDcwRFJ6TVdSUm5yQmdtSHJMenJVQ1lBMnRUNGVYbG5qMjZmOTlzcVpTN0F5Rm1ZWGUyNUI4WmNUVXRZaWJUdWwzNGVCYw?oc=5"
"PD-243","Cerita dari Surade: Ketua RT Perjuangkan Rutilahu untuk Warganya, Rumahnya Justru Nyaris Ambruk - Sukabumi Update - Sukabumi Update","Kunjungan Kerja","DPRD Jabar / Pimpinan","Sukabumi","Tue, 21 Apr 2026 07:00:00 GMT","Sukabumi Update","https://news.google.com/rss/articles/CBMi1wFBVV95cUxQZWtiX3c5VGxQU09RZE9VakZRYzBnM2Rhb0pSanM4ZWs0UWNZUWFZMVRZeVVyNElBNTA2T3VMQWVRYkJSQ0NSYUI5SElEMXBBNWV3bV9tNzFwRXFiMFM5RXA0S21pTzlhaU9LRVZ0c0VvS2ZydzVoRDl1RmhTU0JlOVpmRlFKQjZrc2lDcHlValdKRWc5RmhUdjF5NXNXT2JUWkhvRFVmQklVQUVVZEdDWXA4TXBVcVdnWURLRGV1LUFLRW92WVZNU2pvSkRVZFRPaGk1S1d5ONIB1wFBVV95cUxNbFJCTUw5djFzOTZJeHNnUlFWMnlIcjRIeS1hOFM4UE1FVXAtSWpOdEFDV2NYN2c4VmNmR1FCUkw3NmdXQnI0Nk9GNUVxZ0VPN3B4cGZkR1B0cm40RGR3LW9ZQ3Yyb0NKSUpRUkZNczVSSzVZZmhlZy1BTm5HTFpGOTZaTEFSQUdUTTFLajA5VXdEWUo5dFVOOG1nUHRyQk1qcFdlVVRnSEs5ZDVhUU56Wk94S1NJSUc5QWxJRnFKdm13ZjNQSER1R2VEMjM1TEFYSmpBRDhiZw?oc=5"
"PD-244","Membandel! Lapak Tambal Ban yang Kuasai Trotoar di Cibadak Ditertibkan Petugas - Sukabumi Update - Sukabumi Update","Kunjungan Kerja","DPRD Jabar / Pimpinan","Sukabumi","Wed, 01 Apr 2026 07:00:00 GMT","Sukabumi Update","https://news.google.com/rss/articles/CBMiwgFBVV95cUxQU0RVM096UVlnYllzZWNMSUM3ejVScDRJcWEyREhteDA1UzVfeXM3UFM4RnViem1Bd0JDVnJKTHM4YW9Oc0RONUd3TUV2MDhucFp3RVVZRmJWTlM2QzFsUnozLXV1MjBJUjhhc1o3alZHWWt3OWFVUld4eXIxS09LOHVCbERtTkQ1WGVrUnpEQVlnZndrZlN6QmlURGZUMVU3WWM4YW1oSkM5YmNyRkVFVjR3ZjJ3N2hYTFFfRml0b2hmUdIBwgFBVV95cUxPZFM2X0w2UmRJbldDMkhCUnB1X3d6TU5yU0xoN2Y3cGcxVWU4UnZmNXpaaHdCRWNxVElMZmFhQktJbmx4azF5YnpMU0VhbTNadnQ5NDl0ZzgySVZPY1RfYTd1X0ZZSlhpckdhQ0ZHTHhKNENvSW5NSGRkSDNoNDN0NGlsN1pKZWlxbF9hbVBvdE4xWDdDc3RvdFhIT1FTV0YxX01qQmxlSC1WOUktNVZpRjJMOFM0bnY2WHNLdXZtbFhQUQ?oc=5"